{"width":2048,"imagePath":"sunball_tex.png","height":2048,"name":"sunball","SubTexture":[{"width":245,"y":542,"height":248,"name":"sun_icons02/b_centerglow","x":1420},{"width":278,"y":281,"height":279,"name":"sunl05/sunl1","x":1702},{"width":281,"y":1,"height":280,"name":"sunl05/sunl4","x":571},{"width":281,"y":1,"height":280,"name":"sunl05/sunl9","x":854},{"width":282,"y":283,"height":275,"name":"sunl05/sunl5","x":571},{"width":282,"y":1,"height":279,"name":"sunl05/sunl6","x":1137},{"width":283,"y":1,"height":282,"name":"sunl05/sunl8","x":1},{"width":279,"y":1,"height":278,"name":"sunl05/sunl2","x":1702},{"width":279,"y":1,"height":281,"name":"sunl05/sunl0","x":1421},{"width":281,"y":282,"height":278,"name":"sunl05/sunl3","x":1137},{"width":283,"y":1,"height":282,"name":"sunl05/sunl7","x":286},{"width":236,"y":509,"height":222,"name":"sun_icons02/b_ball_back","x":242},{"width":257,"y":284,"height":256,"name":"sun_icons02/b_spiral","x":1420},{"width":236,"y":516,"height":222,"name":"sun_icons02/b_ball_front","x":1},{"width":235,"y":733,"height":220,"name":"sun_icons02/b_blick","x":239},{"width":242,"y":794,"height":227,"name":"sun_00/sun_10","x":1586},{"width":239,"y":285,"height":229,"name":"sun_00/sun_06","x":1},{"width":243,"y":1023,"height":226,"name":"sun_00/sun_11","x":1587},{"width":241,"y":1023,"height":228,"name":"sun_00/sun_09","x":1344},{"width":243,"y":562,"height":227,"name":"sun_00/sun_08","x":1099},{"width":241,"y":515,"height":230,"name":"sun_00/sun_14","x":855},{"width":239,"y":562,"height":230,"name":"sun_00/sun_13","x":1667},{"width":243,"y":285,"height":222,"name":"sun_00/sun_02","x":242},{"width":243,"y":791,"height":227,"name":"sun_00/sun_00","x":1099},{"width":240,"y":792,"height":229,"name":"sun_00/sun_05","x":1344},{"width":243,"y":775,"height":198,"name":"sun_00/sun_04","x":476},{"width":243,"y":560,"height":213,"name":"sun_00/sun_03","x":480},{"width":243,"y":1251,"height":226,"name":"sun_00/sun_01","x":1587},{"width":242,"y":747,"height":228,"name":"sun_00/sun_07","x":855},{"width":242,"y":283,"height":230,"name":"sun_00/sun_12","x":855},{"width":147,"y":794,"height":40,"name":"sun_icons02/b_stand","x":1830}]}