{"frameRate":30,"isGlobal":0,"armature":[{"bone":[{"name":"ball_root","transform":{}},{"length":250,"transform":{"y":1},"parent":"ball_root","name":"b_root"},{"transform":{"y":-385,"x":1},"name":"b_blickIK","parent":"ball_root"},{"length":233,"transform":{"y":-1,"x":0.9524},"parent":"b_root","name":"sunl"},{"length":163,"transform":{},"parent":"b_root","name":"b_spiral"},{"length":113,"transform":{"scY":1.35,"y":-1,"scX":1.35},"parent":"b_root","name":"b_centerglow"},{"length":230,"transform":{"y":-1},"parent":"b_root","name":"b_inner_glow"},{"length":163,"transform":{},"parent":"b_root","name":"b_spiral1"},{"length":233,"transform":{"scY":1.1,"y":-0.43,"skX":112,"skY":112,"scX":1.1,"x":-0.05},"parent":"b_root","name":"sunl1"},{"length":292,"transform":{"y":-1,"skX":-89.8512,"skY":-89.8512},"parent":"b_root","name":"b_blick"}],"type":"Armature","name":"ball_Armature","animation":[{"frame":[],"playTimes":0,"slot":[{"colorFrame":[],"displayFrame":[],"name":"b_ball_back"},{"colorFrame":[],"displayFrame":[],"name":"b_spiral"},{"colorFrame":[],"displayFrame":[],"name":"b_ball_front"},{"colorFrame":[],"displayFrame":[],"name":"b_stand"},{"colorFrame":[{"duration":90}],"displayFrame":[{"value":7,"duration":2},{"value":8,"duration":2},{"value":9,"duration":3},{"value":5,"duration":2},{"value":10,"duration":2},{"value":4,"duration":2},{"value":11,"duration":2},{"value":3,"duration":2},{"value":12,"duration":3},{"value":2,"duration":2},{"value":13,"duration":2},{"value":1,"duration":2},{"value":14,"duration":2},{"duration":3},{"value":7,"duration":2},{"value":8,"duration":2},{"value":9,"duration":2},{"value":5,"duration":2},{"value":10,"duration":3},{"value":4,"duration":2},{"value":11,"duration":2},{"value":3,"duration":2},{"value":12,"duration":2},{"value":2,"duration":2},{"value":13,"duration":3},{"value":1,"duration":2},{"value":14,"duration":2},{"duration":2},{"value":7,"duration":2},{"value":8,"duration":3},{"value":9,"duration":2},{"value":5,"duration":2},{"value":10,"duration":2},{"value":4,"duration":2},{"value":11,"duration":2},{"value":3,"duration":3},{"value":12,"duration":2},{"value":2,"duration":2},{"value":13,"duration":2},{"value":1,"duration":2},{"value":14,"duration":3},{"duration":0}],"name":"sun_14"},{"colorFrame":[],"displayFrame":[],"name":"b_centerglow"},{"colorFrame":[],"displayFrame":[{"value":-1,"duration":90}],"name":"b_spiral1"},{"colorFrame":[{"curve":[0.5,0,0.5,1],"color":{"aM":0},"duration":10},{"curve":[0.5,0,0.5,1],"duration":30},{"curve":[0.5,0,0.5,1],"duration":5},{"curve":[0.5,0,0.5,1],"color":{"aM":0},"duration":1},{"curve":[0.5,0,0.5,1],"color":{"aM":0},"duration":10},{"curve":[0.5,0,0.5,1],"duration":29},{"curve":[0.5,0,0.5,1],"duration":5},{"color":{"aM":0},"duration":0}],"displayFrame":[{"duration":3},{"value":5,"duration":2},{"value":4,"duration":2},{"value":6,"duration":2},{"value":3,"duration":3},{"value":7,"duration":2},{"value":2,"duration":2},{"value":8,"duration":2},{"value":1,"duration":3},{"value":9,"duration":2},{"duration":2},{"value":5,"duration":3},{"value":4,"duration":2},{"value":6,"duration":2},{"value":3,"duration":2},{"value":7,"duration":3},{"value":2,"duration":2},{"value":8,"duration":2},{"value":1,"duration":2},{"value":9,"duration":3},{"duration":3},{"value":5,"duration":2},{"value":4,"duration":2},{"value":6,"duration":2},{"value":3,"duration":3},{"value":7,"duration":2},{"value":2,"duration":2},{"value":8,"duration":2},{"value":1,"duration":3},{"value":9,"duration":2},{"duration":2},{"value":5,"duration":3},{"value":4,"duration":2},{"value":6,"duration":2},{"value":3,"duration":2},{"value":7,"duration":3},{"value":2,"duration":2},{"value":8,"duration":2},{"value":1,"duration":2},{"value":9,"duration":1}],"name":"sunl0"},{"colorFrame":[],"displayFrame":[{"value":2,"duration":2},{"value":8,"duration":2},{"value":1,"duration":3},{"value":9,"duration":2},{"duration":2},{"value":5,"duration":3},{"value":4,"duration":2},{"value":6,"duration":2},{"value":3,"duration":2},{"value":7,"duration":3},{"value":2,"duration":2},{"value":8,"duration":2},{"value":1,"duration":2},{"value":9,"duration":3},{"duration":3},{"value":5,"duration":2},{"value":4,"duration":2},{"value":6,"duration":2},{"value":3,"duration":3},{"value":7,"duration":2},{"value":2,"duration":2},{"value":8,"duration":2},{"value":1,"duration":3},{"value":9,"duration":2},{"duration":2},{"value":5,"duration":3},{"value":4,"duration":2},{"value":6,"duration":2},{"value":3,"duration":2},{"value":7,"duration":3},{"value":2,"duration":2},{"value":8,"duration":2},{"value":1,"duration":2},{"value":9,"duration":2},{"duration":3},{"value":5,"duration":2},{"value":4,"duration":2},{"value":6,"duration":2},{"value":3,"duration":3},{"value":7,"duration":1}],"name":"sunl01"},{"colorFrame":[],"displayFrame":[],"name":"b_blick"}],"ffd":[],"ik":[],"bone":[{"rotateFrame":[],"scaleFrame":[],"name":"ball_root","translateFrame":[]},{"rotateFrame":[{"tweenEasing":0,"duration":45},{"tweenEasing":0,"duration":45,"rotate":-179},{"duration":0,"rotate":8.2104}],"scaleFrame":[{"curve":[0.5,0,0.5,1],"duration":9},{"y":0.83,"tweenEasing":0,"duration":3,"x":0.83},{"y":1.43,"tweenEasing":0,"duration":11,"x":1.43},{"y":0.7,"curve":[0.5,0,0.5,1],"duration":22,"x":0.7},{"curve":[0.5,0,0.5,1],"duration":24},{"y":1.15,"curve":[0.5,0,0.5,1],"duration":21,"x":1.15},{"duration":0}],"name":"b_spiral","translateFrame":[]},{"rotateFrame":[{"tweenEasing":0,"duration":90},{"duration":0,"rotate":180}],"scaleFrame":[],"name":"b_inner_glow","translateFrame":[]},{"rotateFrame":[{"tweenEasing":0,"duration":23},{"tweenEasing":0,"duration":47,"rotate":-4},{"tweenEasing":0,"duration":20,"rotate":4},{"duration":0}],"scaleFrame":[{"curve":[0.5,0,0.5,1],"duration":23},{"y":1.15,"curve":[0.5,0,0.5,1],"duration":22,"x":1.15},{"curve":[0.5,0,0.5,1],"duration":25},{"y":1.15,"curve":[0.5,0,0.5,1],"duration":20,"x":1.15},{"duration":0}],"name":"b_root","translateFrame":[]},{"rotateFrame":[],"scaleFrame":[],"name":"b_blickIK","translateFrame":[]},{"rotateFrame":[{"tweenEasing":0,"duration":45},{"tweenEasing":0,"duration":45,"rotate":180},{"duration":0,"rotate":-1}],"scaleFrame":[{"curve":[0.5,0,0.5,1],"duration":5},{"y":0.8519,"curve":[0.5,0,0.5,1],"duration":7,"x":0.8519},{"y":1.2593,"curve":[0.5,0,0.5,1],"duration":13,"x":1.2593},{"curve":[0.5,0,0.5,1],"duration":65},{"duration":0}],"name":"b_centerglow","translateFrame":[]},{"rotateFrame":[],"scaleFrame":[],"name":"b_spiral1","translateFrame":[]},{"rotateFrame":[{"tweenEasing":0,"duration":90,"rotate":180},{"duration":0}],"scaleFrame":[{"y":0.65,"tweenEasing":0,"duration":45,"x":0.65},{"y":1.3,"duration":1,"x":1.3},{"y":0.55,"tweenEasing":0,"duration":44,"x":0.55},{"y":1.3,"duration":0,"x":1.3}],"name":"sunl","translateFrame":[]},{"rotateFrame":[{"tweenEasing":0,"duration":90,"rotate":180},{"duration":0}],"scaleFrame":[{"y":0.7619,"curve":[0.5,0,0.5,1],"duration":46,"x":0.7619},{"y":0.9524,"curve":[0.5,0,0.5,1],"duration":44,"x":0.9524},{"y":0.7619,"duration":0,"x":0.7619}],"name":"sunl1","translateFrame":[]},{"rotateFrame":[],"scaleFrame":[],"name":"b_blick","translateFrame":[]}],"name":"ball_cycle","duration":90},{"frame":[],"playTimes":0,"slot":[{"colorFrame":[],"displayFrame":[],"name":"b_ball_back"},{"colorFrame":[],"displayFrame":[],"name":"b_spiral"},{"colorFrame":[],"displayFrame":[],"name":"b_ball_front"},{"colorFrame":[],"displayFrame":[],"name":"b_stand"},{"colorFrame":[{"tweenEasing":0,"color":{"aM":0},"duration":5},{"tweenEasing":0,"duration":10},{"color":{"aM":0},"duration":0}],"displayFrame":[{"value":13,"duration":2},{"value":1,"duration":2},{"value":14,"duration":2},{"duration":3},{"value":7,"duration":2},{"value":8,"duration":2},{"value":9,"duration":2},{"value":5,"duration":0}],"name":"sun_14"},{"colorFrame":[],"displayFrame":[],"name":"b_centerglow"},{"colorFrame":[],"displayFrame":[{"value":-1,"duration":15}],"name":"b_spiral1"},{"colorFrame":[{"duration":10},{"tweenEasing":0,"duration":5},{"color":{"aM":0},"duration":0}],"displayFrame":[{"value":1,"duration":2},{"value":8,"duration":2},{"value":2,"duration":2},{"value":7,"duration":2},{"value":3,"duration":2},{"value":6,"duration":2},{"value":4,"duration":2},{"value":5,"duration":1}],"name":"sunl0"},{"colorFrame":[],"displayFrame":[{"value":-1,"duration":15}],"name":"sunl01"},{"colorFrame":[],"displayFrame":[],"name":"b_blick"}],"ffd":[],"ik":[],"bone":[{"rotateFrame":[],"scaleFrame":[],"name":"ball_root","translateFrame":[]},{"rotateFrame":[{"tweenEasing":0,"duration":15},{"duration":0,"rotate":-59.6667}],"scaleFrame":[{"curve":[0.5,0,0.5,1],"duration":10},{"y":1.32,"curve":[0.5,0,0.5,1],"duration":5,"x":1.32},{"duration":0}],"name":"b_spiral","translateFrame":[]},{"rotateFrame":[],"scaleFrame":[],"name":"b_inner_glow","translateFrame":[]},{"rotateFrame":[{"curve":[0.5,0,0.5,1],"duration":5},{"curve":[0.5,0,0.5,1],"duration":5,"rotate":-10},{"curve":[0.5,0,0.5,1],"duration":3,"rotate":11.91},{"curve":[0.5,0,0.5,1],"duration":2,"rotate":-8.32},{"duration":0}],"scaleFrame":[],"name":"b_root","translateFrame":[{"curve":[0.5,0,0.5,1],"duration":5},{"y":27,"curve":[0.5,0,0.5,1],"duration":5},{"y":-5,"curve":[0.5,0,0.5,1],"duration":5},{"duration":0}]},{"rotateFrame":[],"scaleFrame":[],"name":"b_blickIK","translateFrame":[]},{"rotateFrame":[{"tweenEasing":0,"duration":15},{"duration":0,"rotate":60}],"scaleFrame":[{"y":0.6296,"curve":[0.5,0,0.5,1],"duration":10,"x":0.6296},{"curve":[0.5,0,0.5,1],"duration":5},{"y":0.6296,"duration":0,"x":0.6296}],"name":"b_centerglow","translateFrame":[]},{"rotateFrame":[],"scaleFrame":[],"name":"b_spiral1","translateFrame":[]},{"rotateFrame":[],"scaleFrame":[{"y":0.65,"tweenEasing":0,"duration":15,"x":0.65},{"y":1.15,"duration":0,"x":1.15}],"name":"sunl","translateFrame":[]},{"rotateFrame":[],"scaleFrame":[],"name":"sunl1","translateFrame":[]},{"rotateFrame":[],"scaleFrame":[],"name":"b_blick","translateFrame":[]}],"name":"ball_stop","duration":15},{"frame":[],"playTimes":0,"slot":[{"colorFrame":[],"displayFrame":[{"value":-1,"duration":90}],"name":"b_centerglow"},{"colorFrame":[],"displayFrame":[],"name":"b_ball_back"},{"colorFrame":[{"curve":[0.5,0,0.5,1],"color":{"aM":0},"duration":45},{"curve":[0.5,0,0.5,1],"duration":45},{"duration":0}],"displayFrame":[],"name":"b_spiral"},{"colorFrame":[],"displayFrame":[],"name":"b_ball_front"},{"colorFrame":[],"displayFrame":[{"value":-1,"duration":90}],"name":"sun_14"},{"colorFrame":[],"displayFrame":[],"name":"b_stand"},{"colorFrame":[],"displayFrame":[],"name":"b_spiral1"},{"colorFrame":[],"displayFrame":[{"value":-1,"duration":90}],"name":"sunl0"},{"colorFrame":[],"displayFrame":[{"value":-1,"duration":90}],"name":"sunl01"},{"colorFrame":[],"displayFrame":[],"name":"b_blick"}],"ffd":[],"ik":[],"bone":[{"rotateFrame":[],"scaleFrame":[],"name":"ball_root","translateFrame":[]},{"rotateFrame":[{"curve":[0.5,0,0.5,1],"duration":20},{"curve":[0.5,0,0.5,1],"duration":50,"rotate":3},{"curve":[0.5,0,0.5,1],"duration":20,"rotate":-3},{"duration":0}],"scaleFrame":[],"name":"b_root","translateFrame":[{"y":-1,"curve":[0.5,0,0.5,1],"duration":22},{"curve":[0.5,0,0.5,1],"duration":23},{"y":-2,"curve":[0.5,0,0.5,1],"duration":22},{"curve":[0.5,0,0.5,1],"duration":23},{"y":-1,"duration":0}]},{"rotateFrame":[],"scaleFrame":[],"name":"b_blickIK","translateFrame":[]},{"rotateFrame":[{"tweenEasing":0,"duration":90},{"duration":0,"rotate":-179}],"scaleFrame":[{"curve":[0.5,0,0.5,1],"duration":45},{"y":1.15,"curve":[0.5,0,0.5,1],"duration":45,"x":1.15},{"duration":0}],"name":"b_spiral","translateFrame":[]},{"rotateFrame":[],"scaleFrame":[],"name":"b_centerglow","translateFrame":[]},{"rotateFrame":[],"scaleFrame":[],"name":"b_inner_glow","translateFrame":[]},{"rotateFrame":[{"tweenEasing":0,"duration":90,"rotate":-179},{"duration":0,"rotate":2}],"scaleFrame":[{"curve":[0.5,0,0.5,1],"duration":45},{"y":1.2,"curve":[0.5,0,0.5,1],"duration":45,"x":1.2},{"duration":0}],"name":"b_spiral1","translateFrame":[]},{"rotateFrame":[],"scaleFrame":[],"name":"sunl","translateFrame":[]},{"rotateFrame":[],"scaleFrame":[],"name":"sunl1","translateFrame":[]},{"rotateFrame":[],"scaleFrame":[],"name":"b_blick","translateFrame":[]}],"name":"ball_chill","duration":90}],"aabb":{"width":283.09958180234776,"y":-149.5,"height":300.18203396856785,"x":-135.1472008499668},"canvas":{"width":341,"y":0,"height":511,"x":0},"ik":[{"bone":"b_blick","name":"bone_ik","target":"b_blickIK"}],"slot":[{"blendMode":"add","parent":"b_centerglow","name":"b_centerglow","color":{"bM":0,"gM":18}},{"blendMode":"add","z":1,"parent":"sunl1","displayIndex":1,"name":"sunl01","color":{"bM":0,"gM":58}},{"z":2,"name":"b_ball_back","parent":"b_root","color":{}},{"z":3,"name":"b_spiral1","parent":"b_spiral1","color":{}},{"z":4,"name":"b_spiral","parent":"b_spiral","color":{}},{"z":5,"name":"b_ball_front","parent":"b_root","color":{}},{"z":6,"displayIndex":1,"name":"sunl0","parent":"sunl","color":{}},{"blendMode":"add","z":7,"parent":"b_blick","name":"b_blick","color":{}},{"blendMode":"add","z":8,"parent":"b_inner_glow","displayIndex":7,"name":"sun_14","color":{}},{"z":9,"name":"b_stand","parent":"b_root","color":{}}],"frameRate":30,"defaultActions":[{"gotoAndPlay":"ball_cycle"}],"skin":[{"slot":[{"display":[{"path":"sun_icons02/b_blick","type":"image","name":"sun_icons02/b_blick","transform":{"y":3.5,"skX":90,"skY":90,"x":0.5}}],"blendMode":"add","name":"b_blick"},{"display":[{"path":"sun_icons02/b_ball_front","type":"image","name":"sun_icons02/b_ball_front","transform":{"y":-0.5,"x":3}}],"name":"b_ball_front"},{"display":[{"path":"sunl05/sunl0","type":"image","name":"sunl05/sunl0","transform":{"y":-5,"x":6.5}},{"path":"sunl05/sunl8","type":"image","name":"sunl05/sunl8","transform":{"y":-8.5,"x":5.5}},{"path":"sunl05/sunl6","type":"image","name":"sunl05/sunl6","transform":{"y":-6,"x":6}},{"path":"sunl05/sunl4","type":"image","name":"sunl05/sunl4","transform":{"y":-2.5,"x":5.5}},{"path":"sunl05/sunl2","type":"image","name":"sunl05/sunl2","transform":{"y":-6.5,"x":5.5}},{"path":"sunl05/sunl1","type":"image","name":"sunl05/sunl1","transform":{"y":-7,"x":5}},{"path":"sunl05/sunl3","type":"image","name":"sunl05/sunl3","transform":{"y":-2.5,"x":5.5}},{"path":"sunl05/sunl5","type":"image","name":"sunl05/sunl5","transform":{"y":-4,"x":6}},{"path":"sunl05/sunl7","type":"image","name":"sunl05/sunl7","transform":{"y":-8.5,"x":5.5}},{"path":"sunl05/sunl9","type":"image","name":"sunl05/sunl9","transform":{"y":-7.5,"x":5.5}}],"name":"sunl0"},{"display":[{"path":"sun_icons02/b_stand","type":"image","name":"sun_icons02/b_stand","transform":{"y":104.5,"x":0.5}}],"name":"b_stand"},{"display":[{"path":"sun_icons02/b_spiral","type":"image","name":"sun_icons02/b_spiral","transform":{"y":3.5,"x":1.5}}],"name":"b_spiral1"},{"display":[{"path":"sunl05/sunl0","type":"image","name":"sunl05/sunl0","transform":{"y":-5,"x":6.5}},{"path":"sunl05/sunl8","type":"image","name":"sunl05/sunl8","transform":{"y":-8.5,"x":5.5}},{"path":"sunl05/sunl6","type":"image","name":"sunl05/sunl6","transform":{"y":-6,"x":6}},{"path":"sunl05/sunl4","type":"image","name":"sunl05/sunl4","transform":{"y":-2.5,"x":5.5}},{"path":"sunl05/sunl2","type":"image","name":"sunl05/sunl2","transform":{"y":-6.5,"x":5.5}},{"path":"sunl05/sunl1","type":"image","name":"sunl05/sunl1","transform":{"y":-7,"x":5}},{"path":"sunl05/sunl3","type":"image","name":"sunl05/sunl3","transform":{"y":-2.5,"x":5.5}},{"path":"sunl05/sunl5","type":"image","name":"sunl05/sunl5","transform":{"y":-4,"x":6}},{"path":"sunl05/sunl7","type":"image","name":"sunl05/sunl7","transform":{"y":-8.5,"x":5.5}},{"path":"sunl05/sunl9","type":"image","name":"sunl05/sunl9","transform":{"y":-7.5,"x":5.5}}],"blendMode":"add","name":"sunl01"},{"display":[{"path":"sun_icons02/b_centerglow","type":"image","name":"sun_icons02/b_centerglow","transform":{"y":1.875,"x":-1.925}}],"blendMode":"add","name":"b_centerglow"},{"display":[{"path":"sun_icons02/b_spiral","type":"image","name":"sun_icons02/b_spiral","transform":{"y":3.5,"x":1.5}}],"name":"b_spiral"},{"display":[{"path":"sun_00/sun_14","type":"image","name":"sun_00/sun_14","transform":{"y":-0.5,"x":2.5}},{"path":"sun_00/sun_12","type":"image","name":"sun_00/sun_12","transform":{"y":-0.5,"x":2}},{"path":"sun_00/sun_10","type":"image","name":"sun_00/sun_10","transform":{"y":1,"x":2}},{"path":"sun_00/sun_08","type":"image","name":"sun_00/sun_08","transform":{"x":1.5}},{"path":"sun_00/sun_06","type":"image","name":"sun_00/sun_06","transform":{"x":-0.5}},{"path":"sun_00/sun_04","type":"image","name":"sun_00/sun_04","transform":{"y":15.5,"x":1.5}},{"path":"sun_00/sun_02","type":"image","name":"sun_00/sun_02","transform":{"y":3.5,"x":1.5}},{"path":"sun_00/sun_00","type":"image","name":"sun_00/sun_00","transform":{"y":1,"x":1.5}},{"path":"sun_00/sun_01","type":"image","name":"sun_00/sun_01","transform":{"y":1.5,"x":1.5}},{"path":"sun_00/sun_03","type":"image","name":"sun_00/sun_03","transform":{"y":8,"x":1.5}},{"path":"sun_00/sun_05","type":"image","name":"sun_00/sun_05","transform":{}},{"path":"sun_00/sun_07","type":"image","name":"sun_00/sun_07","transform":{"y":-0.5,"x":1}},{"path":"sun_00/sun_09","type":"image","name":"sun_00/sun_09","transform":{"y":0.5,"x":2.5}},{"path":"sun_00/sun_11","type":"image","name":"sun_00/sun_11","transform":{"y":1.5,"x":1.5}},{"path":"sun_00/sun_13","type":"image","name":"sun_00/sun_13","transform":{"y":-0.5,"x":3.5}}],"blendMode":"add","name":"sun_14"},{"display":[{"path":"sun_icons02/b_ball_back","type":"image","name":"sun_icons02/b_ball_back","transform":{"y":-0.5,"x":3}}],"name":"b_ball_back"}],"name":""}]}],"name":"sunball","version":"5.5"}