{"width":2048,"imagePath":"popup_freespin_01_tex.png","height":2048,"name":"popup_freespin_01","SubTexture":[{"width":100,"y":1332,"height":50,"name":"animate/pfs_blocker","x":307},{"width":300,"y":761,"height":347,"name":"animate/pfs_back_glow","x":1477},{"width":419,"y":761,"height":449,"name":"animate/pfs_card_r","x":1056},{"width":414,"y":1,"height":530,"name":"animate/pfs_card_l","x":1056},{"width":312,"y":1110,"height":312,"name":"animate/pfs_spiral","x":1477},{"width":1053,"y":1,"height":805,"name":"animate/pfs_gold)border","x":1},{"width":149,"y":1212,"height":160,"name":"animate/pfs_glow","x":1},{"width":436,"y":1,"height":493,"name":"animate/pfs_mg_body","x":1472},{"width":60,"y":761,"height":116,"name":"animate/pfs_owl_scarf_back","x":1953},{"width":172,"y":761,"height":260,"name":"animate/pfs_owl_body","x":1779},{"width":87,"y":496,"height":30,"name":"animate/pfs_mg_eyes","x":1586},{"width":182,"y":1023,"height":229,"name":"animate/pfs_mg_head","x":1791},{"width":126,"y":276,"height":119,"name":"animate/pfs_mg_hand","x":1910},{"width":134,"y":1,"height":137,"name":"animate/pfs_mg_arm","x":1910},{"width":99,"y":1332,"height":54,"name":"animate/pfs_owl_paws","x":206},{"width":195,"y":1254,"height":189,"name":"animate/pfs_owl_wing","x":1791},{"width":112,"y":496,"height":25,"name":"animate/pfs_owl_eyes","x":1472},{"width":72,"y":496,"height":29,"name":"animate/pfs_owl_lashes","x":1675},{"width":125,"y":140,"height":134,"name":"animate/pfs_owl_head","x":1910},{"width":108,"y":490,"height":31,"name":"animate/pfs_owl_brows","x":1910},{"width":80,"y":397,"height":91,"name":"animate/pfs_owl_scarf2","x":1910},{"width":183,"y":1212,"height":118,"name":"animate/pfs_owl_scarf","x":152},{"width":929,"y":533,"height":226,"name":"animate/pfs_gratis_back","x":1056},{"width":521,"y":1424,"height":51,"name":"animate/pfs_texr_congratulations","x":1},{"width":203,"y":1374,"height":42,"name":"animate/pfs_text_you_won","x":1}]}