{"frameRate":30,"isGlobal":0,"armature":[{"bone":[{"name":"root","transform":{}},{"length":350,"transform":{"y":-57.3342,"skX":160.8371,"skY":160.8371,"x":-301.0537},"parent":"root","name":"pfs_back_glow"},{"length":350,"transform":{"y":-79.7205,"skX":21.84,"skY":21.84,"x":295.7417},"parent":"root","name":"pfs_back_glow1"},{"length":350,"transform":{"scY":1.55,"y":-22.3976,"skX":88.84,"skY":88.84,"scX":1.05,"x":1.0727},"parent":"root","name":"pfs_back_glow2"},{"length":927,"transform":{"y":60.1,"x":-10.95},"parent":"root","name":"pfs_mainbone"},{"transform":{"y":-39.2203,"x":25.2887},"name":"bone_ikTarget","parent":"root"},{"transform":{"y":18.1637,"x":-88.1415},"name":"bone_ikTarget2","parent":"root"},{"length":350,"transform":{"y":-109.6718,"skX":160.8371,"skY":160.8371,"x":-146.4457},"parent":"root","name":"pfs_back_glow31"},{"length":350,"transform":{"y":-105.6263,"skX":16.84,"skY":16.84,"x":184.5412},"parent":"root","name":"pfs_back_glow3"},{"transform":{"y":-362.4496,"x":-139.8906},"name":"bone_ikTarget1","parent":"root"},{"length":395,"transform":{"y":-6.8,"skX":-29.1326,"skY":-29.1326,"x":155.8},"parent":"pfs_mainbone","name":"pfs_card_r"},{"length":125,"transform":{"y":2.9,"skX":-90,"skY":-90,"x":18.5},"parent":"pfs_mainbone","name":"pfs_mg_body"},{"length":328,"transform":{"y":2.85,"x":3.55},"parent":"pfs_mainbone","name":"pfs_gratis_back"},{"length":91,"transform":{"y":91.55,"x":-8.7},"parent":"pfs_mainbone","name":"pfs_text_you_won"},{"length":398,"transform":{"skX":-150.6262,"skY":-150.6262,"x":-157.15},"parent":"pfs_mainbone","name":"pfs_card_l"},{"length":287,"transform":{"y":-145.5,"x":-0.6},"parent":"pfs_mainbone","name":"pfs_spiral"},{"length":287,"transform":{"scY":1.35,"y":-145.5,"scX":1.35,"x":-0.6},"parent":"pfs_mainbone","name":"pfs_spiral1"},{"length":171,"transform":{"skX":3.3567,"skY":3.3567,"x":125.35},"parent":"pfs_mg_body","name":"pfs_mg_body1"},{"length":240,"transform":{"y":6.6,"x":-2.2},"parent":"pfs_gratis_back","name":"pfs_texr_congratulations"},{"length":92,"transform":{"y":-241.45,"skX":22.8337,"skY":22.8337,"x":-1.5},"parent":"pfs_mg_body","name":"pfs_mg_hand"},{"length":100,"transform":{"y":-2.2192,"skX":64.1745,"skY":64.1745,"x":99.9732},"parent":"pfs_mg_hand","name":"pfs_mg_arm"},{"length":199,"transform":{"y":8.5837,"skX":-2.453,"skY":-2.453,"x":111.544},"parent":"pfs_mg_body1","name":"pfs_mg_head"},{"length":107,"transform":{"y":-53.1066,"skX":-85.4052,"skY":-85.4052,"x":46.2849},"parent":"pfs_mg_arm","name":"pfs_owl_body"},{"length":120,"transform":{"y":-5.1956,"skX":0.6861,"skY":0.6861,"x":53.5747},"parent":"pfs_mg_head","name":"pfs_mg_head1"},{"length":76,"transform":{"y":16.1369,"skX":-3.8502,"skY":-3.8502,"x":120.4486},"parent":"pfs_owl_body","name":"pfs_owl_head"},{"length":40,"transform":{"y":17.7673,"skX":-1.603,"skY":-1.603,"x":74.445},"parent":"pfs_owl_body","name":"pfs_owl_head1"},{"length":22,"transform":{"y":11.7148,"skX":-0.0434,"skY":-0.0434,"x":49.879},"parent":"pfs_owl_head","name":"pfs_owl_brows"},{"length":17,"transform":{"y":-12.3734,"skX":3.4267,"skY":3.4267,"x":54.4761},"parent":"pfs_owl_head","name":"pfs_owl_lashes"},{"length":88,"transform":{"y":47.1992,"skX":179.8537,"skY":179.8537,"x":10.3837},"parent":"pfs_owl_head1","name":"pfs_owl_scarf_back"},{"length":141,"transform":{"y":-54.2,"skX":-168.6861,"skY":-168.6861,"x":37.05},"parent":"pfs_owl_head1","name":"pfs_owl_wing1"}],"type":"Armature","name":"popup_freespins_arm","animation":[{"frame":[],"playTimes":0,"slot":[{"colorFrame":[],"displayFrame":[],"name":"pfs_blocker"},{"colorFrame":[{"duration":50},{"curve":[0.5,0,0.5,1],"duration":40},{"curve":[0.5,0,0.5,1],"color":{"aM":0},"duration":90},{"duration":0}],"displayFrame":[],"name":"pfs_back_glow"},{"colorFrame":[],"displayFrame":[],"name":"pfs_card_r"},{"colorFrame":[],"displayFrame":[],"name":"pfs_card_l"},{"colorFrame":[{"tweenEasing":0,"duration":90},{"tweenEasing":0,"color":{"bM":66,"rM":35,"gM":46},"duration":90},{"duration":0}],"displayFrame":[],"name":"pfs_spiral"},{"colorFrame":[],"displayFrame":[],"name":"pfs_gold_border"},{"colorFrame":[{"curve":[0.5,0,0.5,1],"color":{"bM":92,"rM":0},"duration":21},{"curve":[0.5,0,0.5,1],"color":{"bM":92,"rM":0,"aM":15},"duration":24},{"curve":[0.5,0,0.5,1],"color":{"bM":92,"rM":0},"duration":23},{"curve":[0.5,0,0.5,1],"color":{"bM":92,"rM":0,"aM":15},"duration":22},{"curve":[0.5,0,0.5,1],"color":{"bM":92,"rM":0},"duration":23},{"curve":[0.5,0,0.5,1],"color":{"bM":92,"rM":0,"aM":15},"duration":22},{"curve":[0.5,0,0.5,1],"color":{"bM":92,"rM":0},"duration":23},{"curve":[0.5,0,0.5,1],"color":{"bM":92,"rM":0,"aM":15},"duration":22},{"color":{"bM":92,"rM":0},"duration":0}],"displayFrame":[],"name":"pfs_glow"},{"colorFrame":[],"displayFrame":[],"name":"pfs_mg_body"},{"colorFrame":[],"displayFrame":[],"name":"pfs_owl_scarf_back"},{"colorFrame":[],"displayFrame":[],"name":"pfs_owl_body"},{"colorFrame":[],"displayFrame":[],"name":"pfs_mg_eyes"},{"colorFrame":[],"displayFrame":[],"name":"pfs_mg_head"},{"colorFrame":[],"displayFrame":[],"name":"pfs_mg_hand"},{"colorFrame":[],"displayFrame":[],"name":"pfs_mg_arm"},{"colorFrame":[],"displayFrame":[],"name":"pfs_owl_paws"},{"colorFrame":[],"displayFrame":[],"name":"pfs_owl_wing"},{"colorFrame":[],"displayFrame":[],"name":"pfs_owl_eyes"},{"colorFrame":[],"displayFrame":[],"name":"pfs_owl_lashes"},{"colorFrame":[],"displayFrame":[],"name":"pfs_owl_head"},{"colorFrame":[],"displayFrame":[],"name":"pfs_owl_brows"},{"colorFrame":[],"displayFrame":[],"name":"pfs_owl_scarf2"},{"colorFrame":[],"displayFrame":[],"name":"pfs_owl_scarf"},{"colorFrame":[],"displayFrame":[],"name":"pfs_gratis_back"},{"colorFrame":[],"displayFrame":[],"name":"pfs_texr_congratulations"},{"colorFrame":[],"displayFrame":[],"name":"pfs_text_you_won"},{"colorFrame":[{"duration":50},{"curve":[0.5,0,0.5,1],"duration":40},{"curve":[0.5,0,0.5,1],"color":{"aM":0},"duration":90},{"duration":0}],"displayFrame":[],"name":"pfs_back_glow1"},{"colorFrame":[],"displayFrame":[],"name":"pfs_back_glow2"},{"colorFrame":[{"curve":[0.5,0,0.5,1],"color":{"aM":0},"duration":90},{"curve":[0.5,0,0.5,1],"duration":90},{"color":{"aM":0},"duration":0}],"displayFrame":[],"name":"pfs_back_glow3"},{"colorFrame":[{"curve":[0.5,0,0.5,1],"color":{"aM":0},"duration":90},{"curve":[0.5,0,0.5,1],"duration":90},{"color":{"aM":0},"duration":0}],"displayFrame":[],"name":"pfs_back_glow31"},{"colorFrame":[{"tweenEasing":0,"color":{"bM":0,"rM":0,"gM":0},"duration":90},{"tweenEasing":0,"color":{"bM":0,"rM":0,"gM":0},"duration":90},{"color":{"bM":0,"rM":0,"gM":0},"duration":0}],"displayFrame":[],"name":"pfs_spiral1"}],"ffd":[{"frame":[{"offset":32,"curve":[0.5,0,0.5,1],"vertices":[-1,2.55,0,0,0,0,0,0,0,0,0,0,0,0,0,0,0,0,0,0,0,0,0,0,0,0,0,0,0,0,0,0,0,0,0,0,0,0,0,0,0,0,0,0,0,0,0,0],"duration":26},{"offset":32,"curve":[0.5,0,0.5,1],"vertices":[-2.06,4.68,0,0,0,0,0,0,0,0,0,0,0,0,0,0,0,0,0,0,0,0,0,0,0,0,0,0,0,0,0,0,0,0,0,0,0,0,0,0,0,0,0,0,0,0,0,0],"duration":74},{"offset":32,"curve":[0.5,0,0.5,1],"vertices":[-1,2.55,0,0,0,0,0,0,0,0,0,0,0,0,0,0,0,0,0,0,0,0,0,0,0,0,0,0,0,0,0,0,0,0,0,0,0,0,0,0,0,0,0,0,0,0,0,0],"duration":59},{"offset":32,"curve":[0.5,0,0.5,1],"vertices":[-2.06,4.68,0,0,0,0,0,0,0,0,0,0,0,0,0,0,0,0,0,0,0,0,0,0,0,0,0,0,0,0,0,0,0,0,0,0,0,0,0,0,0,0,0,0,0,0,0,0],"duration":21},{"tweenEasing":null,"offset":32,"vertices":[-1,2.55,0,0,0,0,0,0,0,0,0,0,0,0,0,0,0,0,0,0,0,0,0,0,0,0,0,0,0,0,0,0,0,0,0,0,0,0,0,0,0,0,0,0,0,0,0,0],"duration":0}],"slot":"pfs_mg_head","scale":1,"offset":0,"skin":"","name":"animate/pfs_mg_head"}],"ik":[],"bone":[{"rotateFrame":[],"scaleFrame":[],"name":"root","translateFrame":[]},{"rotateFrame":[{"curve":[0.5,0,0.5,1],"duration":90},{"curve":[0.5,0,0.5,1],"duration":90,"rotate":-18.9971},{"duration":0}],"scaleFrame":[{"curve":[0.5,0,0.5,1],"duration":90},{"y":1.2,"duration":1,"x":1.2},{"curve":[0.5,0,0.5,1],"duration":89},{"duration":0}],"name":"pfs_back_glow","translateFrame":[]},{"rotateFrame":[{"curve":[0.5,0,0.5,1],"duration":90},{"curve":[0.5,0,0.5,1],"duration":90,"rotate":11.01},{"duration":0}],"scaleFrame":[{"curve":[0.5,0,0.5,1],"duration":90},{"y":1.2,"duration":1,"x":1.2},{"curve":[0.5,0,0.5,1],"duration":89},{"duration":0}],"name":"pfs_back_glow1","translateFrame":[]},{"rotateFrame":[],"scaleFrame":[{"curve":[0.5,0,0.5,1],"duration":90},{"y":1.2,"curve":[0.5,0,0.5,1],"duration":90,"x":1.2},{"duration":0}],"name":"pfs_back_glow2","translateFrame":[{"curve":[0.5,0,0.5,1],"duration":90},{"y":-71.0024,"curve":[0.5,0,0.5,1],"duration":90},{"duration":0}]},{"rotateFrame":[{"tweenEasing":0,"duration":90},{"tweenEasing":0,"duration":90,"rotate":-179},{"duration":0,"rotate":2}],"scaleFrame":[{"curve":[0.5,0,0.5,1],"duration":45},{"y":0.95,"curve":[0.5,0,0.5,1],"duration":45,"x":0.95},{"curve":[0.5,0,0.5,1],"duration":45},{"y":0.95,"curve":[0.5,0,0.5,1],"duration":45,"x":0.95},{"duration":0}],"name":"pfs_spiral","translateFrame":[]},{"rotateFrame":[{"curve":[0.5,0,0.5,1],"duration":90},{"curve":[0.5,0,0.5,1],"duration":90,"rotate":-5.9974},{"duration":0}],"scaleFrame":[],"name":"pfs_card_r","translateFrame":[{"curve":[0.5,0,0.5,1],"duration":90},{"y":-4.7292,"curve":[0.5,0,0.5,1],"duration":90,"x":29.5572},{"duration":0}]},{"rotateFrame":[{"curve":[0.5,0,0.5,1],"duration":91},{"curve":[0.5,0,0.5,1],"duration":89,"rotate":4.9962},{"duration":0}],"scaleFrame":[],"name":"pfs_card_l","translateFrame":[{"curve":[0.5,0,0.5,1],"duration":91},{"y":-23.6458,"curve":[0.5,0,0.5,1],"duration":89,"x":-13.0052},{"duration":0}]},{"rotateFrame":[],"scaleFrame":[],"name":"pfs_mainbone","translateFrame":[]},{"rotateFrame":[{"curve":[0.5,0,0.5,1],"duration":51},{"curve":[0.5,0,0.5,1],"duration":39,"rotate":1},{"curve":[0.5,0,0.5,1],"duration":51},{"curve":[0.5,0,0.5,1],"duration":39,"rotate":1},{"duration":0}],"scaleFrame":[],"name":"pfs_mg_body","translateFrame":[]},{"rotateFrame":[{"curve":[0.5,0,0.5,1],"duration":45},{"curve":[0.5,0,0.5,1],"duration":45,"rotate":-4.9967},{"curve":[0.5,0,0.5,1],"duration":45},{"curve":[0.5,0,0.5,1],"duration":45,"rotate":-4.9967},{"duration":0}],"scaleFrame":[],"name":"pfs_mg_body1","translateFrame":[]},{"rotateFrame":[{"curve":[0.5,0,0.5,1],"duration":45},{"curve":[0.5,0,0.5,1],"duration":135,"rotate":2.003},{"duration":0}],"scaleFrame":[],"name":"pfs_mg_head","translateFrame":[]},{"rotateFrame":[{"curve":[0.5,0,0.5,1],"duration":40},{"curve":[0.5,0,0.5,1],"duration":100,"rotate":-2},{"curve":[0.5,0,0.5,1],"duration":40,"rotate":2},{"duration":0}],"scaleFrame":[],"name":"pfs_gratis_back","translateFrame":[]},{"rotateFrame":[],"scaleFrame":[],"name":"pfs_texr_congratulations","translateFrame":[{"curve":[0.5,0,0.5,1],"duration":180},{"duration":0}]},{"rotateFrame":[],"scaleFrame":[],"name":"pfs_text_you_won","translateFrame":[]},{"rotateFrame":[],"scaleFrame":[],"name":"pfs_mg_hand","translateFrame":[{"curve":[0.5,0,0.5,1],"duration":20},{"y":5,"curve":[0.5,0,0.5,1],"duration":50},{"y":-6,"curve":[0.5,0,0.5,1],"duration":40},{"y":5,"curve":[0.5,0,0.5,1],"duration":50},{"y":-6,"curve":[0.5,0,0.5,1],"duration":20},{"duration":0}]},{"rotateFrame":[],"scaleFrame":[],"name":"pfs_mg_arm","translateFrame":[]},{"rotateFrame":[],"scaleFrame":[],"name":"pfs_owl_body","translateFrame":[]},{"rotateFrame":[],"scaleFrame":[],"name":"pfs_owl_head","translateFrame":[{"curve":[0.5,0,0.5,1],"duration":45},{"y":0.2441,"curve":[0.5,0,0.5,1],"duration":45,"x":-5.047},{"curve":[0.5,0,0.5,1],"duration":45},{"y":0.2441,"curve":[0.5,0,0.5,1],"duration":45,"x":-5.047},{"duration":0}]},{"rotateFrame":[{"duration":44},{"curve":[0.5,0,0.5,1],"duration":5},{"curve":[0.5,0,0.5,1],"duration":5,"rotate":1.9961},{"curve":[0.5,0,0.5,1],"duration":5},{"curve":[0.5,0,0.5,1],"duration":4,"rotate":1.9961},{"curve":[0.5,0,0.5,1],"duration":4},{"curve":[0.5,0,0.5,1],"duration":8,"rotate":1.9961},{"duration":105}],"scaleFrame":[],"name":"pfs_owl_wing1","translateFrame":[]},{"rotateFrame":[],"scaleFrame":[],"name":"pfs_owl_brows","translateFrame":[{"curve":[0.5,0,0.5,1],"duration":11},{"y":-0.0388,"curve":[0.5,0,0.5,1],"duration":36,"x":-1.3056},{"y":-0.0388,"curve":[0.5,0,0.5,1],"duration":13,"x":-1.3056},{"duration":45},{"curve":[0.5,0,0.5,1],"duration":11},{"y":-0.0388,"curve":[0.5,0,0.5,1],"duration":36,"x":-1.3056},{"y":-0.0388,"curve":[0.5,0,0.5,1],"duration":11,"x":-1.3056},{"duration":17}]},{"rotateFrame":[],"scaleFrame":[],"name":"pfs_owl_lashes","translateFrame":[{"duration":70},{"curve":[0.5,0,0.5,1],"duration":5},{"y":-0.3341,"curve":[0.5,0,0.5,1],"duration":5,"x":-14.5995},{"duration":90},{"curve":[0.5,0,0.5,1],"duration":5},{"y":-0.3341,"curve":[0.5,0,0.5,1],"duration":5,"x":-14.5995},{"duration":0}]},{"rotateFrame":[],"scaleFrame":[],"name":"pfs_owl_head1","translateFrame":[{"curve":[0.5,0,0.5,1],"duration":45},{"y":0.1299,"curve":[0.5,0,0.5,1],"duration":45,"x":-2.6861},{"curve":[0.5,0,0.5,1],"duration":45},{"y":0.1299,"curve":[0.5,0,0.5,1],"duration":45,"x":-2.6861},{"duration":0}]},{"rotateFrame":[],"scaleFrame":[],"name":"bone_ikTarget","translateFrame":[]},{"rotateFrame":[{"duration":180}],"scaleFrame":[],"name":"bone_ikTarget1","translateFrame":[]},{"rotateFrame":[],"scaleFrame":[],"name":"pfs_owl_scarf_back","translateFrame":[]},{"rotateFrame":[],"scaleFrame":[],"name":"bone_ikTarget2","translateFrame":[]},{"rotateFrame":[],"scaleFrame":[],"name":"pfs_mg_head1","translateFrame":[{"curve":[0.5,0,0.5,1],"duration":60},{"y":0.1735,"curve":[0.5,0,0.5,1],"duration":70,"x":-4.4595},{"y":0.1735,"curve":[0.5,0,0.5,1],"duration":50,"x":-4.4595},{"duration":0}]},{"rotateFrame":[{"curve":[0.5,0,0.5,1],"duration":141},{"duration":39,"rotate":39}],"scaleFrame":[{"curve":[0.5,0,0.5,1],"duration":180},{"y":1.35,"duration":0,"x":1.35}],"name":"pfs_back_glow3","translateFrame":[{"curve":[0.5,0,0.5,1],"duration":141},{"y":91.8615,"duration":39,"x":0.7894}]},{"rotateFrame":[{"curve":[0.5,0,0.5,1],"duration":141},{"duration":39,"rotate":-32.9971}],"scaleFrame":[{"curve":[0.5,0,0.5,1],"duration":180},{"y":1.35,"duration":0,"x":1.35}],"name":"pfs_back_glow31","translateFrame":[{"curve":[0.5,0,0.5,1],"duration":141},{"y":91.8615,"duration":39,"x":-75.581}]},{"rotateFrame":[{"tweenEasing":0,"duration":90},{"tweenEasing":0,"duration":90,"rotate":-179},{"duration":0,"rotate":2}],"scaleFrame":[{"curve":[0.5,0,0.5,1],"duration":45},{"y":1.1333,"curve":[0.5,0,0.5,1],"duration":45,"x":1.1333},{"curve":[0.5,0,0.5,1],"duration":45},{"y":1.1333,"curve":[0.5,0,0.5,1],"duration":45,"x":1.1333},{"duration":0}],"name":"pfs_spiral1","translateFrame":[]}],"name":"pfs_cycle","duration":180},{"frame":[],"playTimes":0,"slot":[{"colorFrame":[{"curve":[0,0,0.5,1],"color":{"aM":0},"duration":20},{"color":{"aM":75},"duration":10}],"displayFrame":[],"name":"pfs_blocker"},{"colorFrame":[],"displayFrame":[],"name":"pfs_back_glow"},{"colorFrame":[],"displayFrame":[],"name":"pfs_back_glow1"},{"colorFrame":[],"displayFrame":[],"name":"pfs_back_glow2"},{"colorFrame":[],"displayFrame":[],"name":"pfs_card_r"},{"colorFrame":[],"displayFrame":[],"name":"pfs_card_l"},{"colorFrame":[],"displayFrame":[],"name":"pfs_spiral"},{"colorFrame":[],"displayFrame":[],"name":"pfs_gold_border"},{"colorFrame":[],"displayFrame":[],"name":"pfs_glow"},{"colorFrame":[],"displayFrame":[],"name":"pfs_mg_body"},{"colorFrame":[],"displayFrame":[],"name":"pfs_owl_scarf_back"},{"colorFrame":[],"displayFrame":[],"name":"pfs_owl_body"},{"colorFrame":[],"displayFrame":[],"name":"pfs_mg_eyes"},{"colorFrame":[],"displayFrame":[],"name":"pfs_mg_head"},{"colorFrame":[],"displayFrame":[],"name":"pfs_mg_hand"},{"colorFrame":[],"displayFrame":[],"name":"pfs_mg_arm"},{"colorFrame":[],"displayFrame":[],"name":"pfs_owl_paws"},{"colorFrame":[],"displayFrame":[],"name":"pfs_owl_wing"},{"colorFrame":[],"displayFrame":[],"name":"pfs_owl_eyes"},{"colorFrame":[],"displayFrame":[],"name":"pfs_owl_lashes"},{"colorFrame":[],"displayFrame":[],"name":"pfs_owl_head"},{"colorFrame":[],"displayFrame":[],"name":"pfs_owl_brows"},{"colorFrame":[],"displayFrame":[],"name":"pfs_owl_scarf2"},{"colorFrame":[],"displayFrame":[],"name":"pfs_owl_scarf"},{"colorFrame":[],"displayFrame":[],"name":"pfs_gratis_back"},{"colorFrame":[],"displayFrame":[],"name":"pfs_texr_congratulations"},{"colorFrame":[],"displayFrame":[],"name":"pfs_text_you_won"},{"colorFrame":[],"displayFrame":[{"value":-1,"duration":30}],"name":"pfs_back_glow3"},{"colorFrame":[],"displayFrame":[{"value":-1,"duration":30}],"name":"pfs_back_glow31"},{"colorFrame":[{"tweenEasing":0,"color":{"bM":0,"rM":0,"gM":0},"duration":30},{"color":{"bM":0,"rM":0,"gM":0},"duration":0}],"displayFrame":[],"name":"pfs_spiral1"}],"ffd":[{"frame":[{"offset":32,"curve":[0.5,0,0.5,1],"vertices":[-1,2.55,0,0,0,0,0,0,0,0,0,0,0,0,0,0,0,0,0,0,0,0,0,0,0,0,0,0,0,0,0,0,0,0,0,0,0,0,0,0,0,0,0,0,0,0,0,0],"duration":17},{"offset":32,"curve":[0.5,0,0.5,1],"vertices":[-4.64,3.75,0,0,0,0,0,0,0,0,0,0,0,0,0,0,0,0,0,0,0,0,0,0,0,0,0,0,0,0,0,0,0,0,0,0,0,0,0,0,0,0,0,0,0,0,0,0],"duration":6},{"offset":32,"curve":[0.5,0,0.5,1],"vertices":[-2.82,3.15,0,0,0,0,0,0,0,0,0,0,0,0,0,0,0,0,0,0,0,0,0,0,0,0,0,0,0,0,0,0,0,0,0,0,0,0,0,0,0,0,0,0,0,0,0,0],"duration":3},{"offset":32,"curve":[0.5,0,0.5,1],"vertices":[-1.91,2.85,0,0,0,0,0,0,0,0,0,0,0,0,0,0,0,0,0,0,0,0,0,0,0.15,-0.2,-0.3,5.75,-0.25,4.95,-0.1,-0.2,0.1,-2.15,0.2,-2.05,0,0,-0.55,-0.8,0,0,0,0,0,0,0,0],"duration":3},{"tweenEasing":null,"offset":32,"vertices":[-1,2.55,0,0,0,0,0,0,0,0,0,0,0,0,0,0,0,0,0,0,0,0,0,0,0,0,0,0,0,0,0,0,0,0,0,0,0,0,0,0,0,0,0,0,0,0,0,0],"duration":1}],"slot":"pfs_mg_head","scale":1,"offset":0,"skin":"","name":"animate/pfs_mg_head"}],"ik":[],"bone":[{"rotateFrame":[],"scaleFrame":[],"name":"root","translateFrame":[]},{"rotateFrame":[],"scaleFrame":[{"y":0.01,"curve":[0,0,0.5,1],"duration":30,"x":0.01},{"duration":0}],"name":"pfs_back_glow","translateFrame":[{"y":72.9473,"curve":[0,0,0.5,1],"duration":30,"x":247.2629},{"duration":0}]},{"rotateFrame":[],"scaleFrame":[{"y":0.01,"curve":[0,0,0.5,1],"duration":30,"x":0.01},{"duration":0}],"name":"pfs_back_glow1","translateFrame":[{"y":67.9736,"curve":[0,0,0.5,1],"duration":30,"x":-288.9945},{"duration":0}]},{"rotateFrame":[],"scaleFrame":[{"y":0.0065,"curve":[0,0,0.5,1],"duration":30,"x":0.0065},{"duration":0}],"name":"pfs_back_glow2","translateFrame":[{"duration":30}]},{"rotateFrame":[{"curve":[0,0,0.5,1],"duration":15,"rotate":-26},{"curve":[0,0,0.5,1],"duration":4,"rotate":3.8},{"duration":11}],"scaleFrame":[{"y":0.01,"curve":[0.5,0,1,1],"duration":15,"x":0.01},{"y":1.05,"curve":[0.5,0,0.5,1],"duration":4,"x":1.05},{"duration":11}],"name":"pfs_mainbone","translateFrame":[{"y":-679,"curve":[0,0,0.5,1],"duration":15},{"y":25,"tweenEasing":0,"duration":15},{"duration":0}]},{"rotateFrame":[{"curve":[0.5,0,0.5,1],"duration":30},{"duration":0,"rotate":-179}],"scaleFrame":[],"name":"pfs_spiral","translateFrame":[]},{"rotateFrame":[{"duration":8},{"curve":[0.5,0,0.5,1],"duration":7},{"curve":[0.5,0,0.5,1],"duration":9,"rotate":-14.0038},{"curve":[0.5,0,0.5,1],"duration":6,"rotate":6.9962},{"duration":0}],"scaleFrame":[],"name":"pfs_card_l","translateFrame":[{"duration":8},{"curve":[0.5,0,0.5,1],"duration":9},{"y":-22.4316,"curve":[0.5,0,0.5,1],"duration":13,"x":-39.8784},{"duration":0}]},{"rotateFrame":[{"duration":8},{"tweenEasing":0,"duration":7},{"curve":[0.5,0,0.5,1],"duration":7,"rotate":-10.9974},{"tweenEasing":0,"duration":8,"rotate":2.0026},{"duration":0}],"scaleFrame":[],"name":"pfs_card_r","translateFrame":[{"duration":8},{"tweenEasing":0,"duration":10},{"y":-1.2462,"tweenEasing":0,"duration":12,"x":23.6778},{"duration":0}]},{"rotateFrame":[],"scaleFrame":[],"name":"pfs_mg_body","translateFrame":[]},{"rotateFrame":[],"scaleFrame":[],"name":"pfs_mg_body1","translateFrame":[]},{"rotateFrame":[{"duration":17},{"curve":[0.5,0,0.5,1],"duration":9},{"curve":[0.5,0,0.5,1],"duration":3,"rotate":3.003},{"duration":1}],"scaleFrame":[],"name":"pfs_mg_head","translateFrame":[]},{"rotateFrame":[{"duration":5},{"curve":[0.5,0,0.5,1],"duration":7},{"curve":[0.5,0,0.5,1],"duration":7,"rotate":4},{"curve":[0.5,0,0.5,1],"duration":10,"rotate":-1.19},{"duration":1}],"scaleFrame":[{"y":0.01,"duration":5,"x":0.01},{"y":0.01,"curve":[0.5,0,0.5,1],"duration":7,"x":0.01},{"y":1.1,"curve":[0.5,0,0.5,1],"duration":17,"x":1.1},{"duration":1}],"name":"pfs_gratis_back","translateFrame":[{"duration":5},{"curve":[0.5,0,0.5,1],"duration":7},{"duration":18}]},{"rotateFrame":[{"duration":12},{"curve":[0.5,0,0.5,1],"duration":7},{"curve":[0.5,0,0.5,1],"duration":4,"rotate":-2},{"duration":7}],"scaleFrame":[{"y":0.01,"duration":12,"x":0.01},{"curve":[0.5,0,0.5,1],"duration":7},{"y":1.15,"curve":[0.5,0,0.5,1],"duration":4,"x":1.15},{"duration":7}],"name":"pfs_texr_congratulations","translateFrame":[{"duration":12},{"curve":[0.5,0,0.5,1],"duration":7},{"y":-10,"curve":[0.5,0,0.5,1],"duration":4},{"duration":7}]},{"rotateFrame":[],"scaleFrame":[{"y":0.01,"duration":12,"x":0.01},{"y":0.01,"curve":[0.5,0,0.5,1],"duration":10,"x":0.01},{"y":1.25,"curve":[0.5,0,0.5,1],"duration":8,"x":1.25},{"duration":0}],"name":"pfs_text_you_won","translateFrame":[]},{"rotateFrame":[],"scaleFrame":[],"name":"pfs_mg_hand","translateFrame":[{"duration":8},{"curve":[0.5,0,0.5,1],"duration":5},{"y":3.2398,"curve":[0.5,0,0.5,1],"duration":12,"x":14.5937},{"duration":5}]},{"rotateFrame":[],"scaleFrame":[],"name":"pfs_mg_arm","translateFrame":[]},{"rotateFrame":[],"scaleFrame":[],"name":"pfs_owl_body","translateFrame":[]},{"rotateFrame":[],"scaleFrame":[],"name":"pfs_owl_head","translateFrame":[{"duration":10},{"curve":[0.5,0,0.5,1],"duration":4},{"y":2.8869,"curve":[0.5,0,0.5,1],"duration":9,"x":12.5869},{"curve":[0.5,0,0.5,1],"duration":7,"x":-16.9986},{"duration":0}]},{"rotateFrame":[],"scaleFrame":[],"name":"pfs_owl_wing1","translateFrame":[{"duration":8},{"curve":[0.5,0,0.5,1],"duration":4},{"y":4.446,"curve":[0.5,0,0.5,1],"duration":8,"x":10.4539},{"duration":10}]},{"rotateFrame":[],"scaleFrame":[],"name":"pfs_owl_brows","translateFrame":[]},{"rotateFrame":[],"scaleFrame":[],"name":"pfs_owl_lashes","translateFrame":[{"duration":20},{"curve":[0.5,0,0.5,1],"duration":5},{"y":-0.2846,"curve":[0.5,0,0.5,1],"duration":5,"x":-15.3873},{"duration":0}]},{"rotateFrame":[],"scaleFrame":[],"name":"pfs_owl_head1","translateFrame":[{"duration":8},{"curve":[0.5,0,0.5,1],"duration":5},{"y":2.5177,"curve":[0.5,0,0.5,1],"duration":12,"x":22.8004},{"duration":5}]},{"rotateFrame":[],"scaleFrame":[],"name":"bone_ikTarget","translateFrame":[]},{"rotateFrame":[],"scaleFrame":[],"name":"bone_ikTarget1","translateFrame":[]},{"rotateFrame":[],"scaleFrame":[],"name":"pfs_owl_scarf_back","translateFrame":[]},{"rotateFrame":[],"scaleFrame":[],"name":"bone_ikTarget2","translateFrame":[]},{"rotateFrame":[],"scaleFrame":[],"name":"pfs_mg_head1","translateFrame":[{"curve":[0.5,0,0.5,1],"duration":15},{"y":1.708,"curve":[0.5,0,0.5,1],"duration":7,"x":2.6516},{"y":0.0568,"curve":[0.5,0,0.5,1],"duration":8,"x":-3.5986},{"duration":0}]},{"rotateFrame":[],"scaleFrame":[],"name":"pfs_back_glow3","translateFrame":[]},{"rotateFrame":[],"scaleFrame":[],"name":"pfs_back_glow31","translateFrame":[]},{"rotateFrame":[{"curve":[0.5,0,0.5,1],"duration":30},{"duration":0,"rotate":90}],"scaleFrame":[{"curve":[0.5,0,0.5,1],"duration":20},{"y":1.3704,"curve":[0.5,0,0.5,1],"duration":10,"x":1.3704},{"duration":0}],"name":"pfs_spiral1","translateFrame":[]}],"name":"pfs_show","duration":30},{"frame":[],"playTimes":0,"slot":[{"colorFrame":[{"curve":[0.5,0,1,1],"color":{"aM":75},"duration":10},{"color":{"aM":0},"duration":4}],"displayFrame":[],"name":"pfs_blocker"},{"colorFrame":[{"curve":[0,0,0.5,1],"duration":10},{"color":{"aM":0},"duration":4}],"displayFrame":[{"duration":10},{"value":-1,"duration":4}],"name":"pfs_back_glow"},{"colorFrame":[{"curve":[0,0,0.5,1],"duration":10},{"color":{"aM":0},"duration":4}],"displayFrame":[{"duration":10},{"value":-1,"duration":4}],"name":"pfs_back_glow1"},{"colorFrame":[],"displayFrame":[{"duration":10},{"value":-1,"duration":4}],"name":"pfs_back_glow2"},{"colorFrame":[],"displayFrame":[{"duration":10},{"value":-1,"duration":4}],"name":"pfs_card_r"},{"colorFrame":[],"displayFrame":[{"duration":10},{"value":-1,"duration":4}],"name":"pfs_card_l"},{"colorFrame":[{"duration":14}],"displayFrame":[{"duration":10},{"value":-1,"duration":4}],"name":"pfs_spiral"},{"colorFrame":[],"displayFrame":[{"duration":10},{"value":-1,"duration":4}],"name":"pfs_gold_border"},{"colorFrame":[],"displayFrame":[{"duration":10},{"value":-1,"duration":4}],"name":"pfs_glow"},{"colorFrame":[],"displayFrame":[{"duration":10},{"value":-1,"duration":4}],"name":"pfs_mg_body"},{"colorFrame":[],"displayFrame":[{"duration":10},{"value":-1,"duration":4}],"name":"pfs_owl_scarf_back"},{"colorFrame":[],"displayFrame":[{"duration":10},{"value":-1,"duration":4}],"name":"pfs_owl_body"},{"colorFrame":[],"displayFrame":[{"duration":10},{"value":-1,"duration":4}],"name":"pfs_mg_eyes"},{"colorFrame":[],"displayFrame":[{"duration":10},{"value":-1,"duration":4}],"name":"pfs_mg_head"},{"colorFrame":[],"displayFrame":[{"duration":10},{"value":-1,"duration":4}],"name":"pfs_mg_hand"},{"colorFrame":[],"displayFrame":[{"duration":10},{"value":-1,"duration":4}],"name":"pfs_mg_arm"},{"colorFrame":[],"displayFrame":[{"duration":10},{"value":-1,"duration":4}],"name":"pfs_owl_paws"},{"colorFrame":[],"displayFrame":[{"duration":10},{"value":-1,"duration":4}],"name":"pfs_owl_wing"},{"colorFrame":[],"displayFrame":[{"duration":10},{"value":-1,"duration":4}],"name":"pfs_owl_eyes"},{"colorFrame":[],"displayFrame":[{"duration":10},{"value":-1,"duration":4}],"name":"pfs_owl_lashes"},{"colorFrame":[],"displayFrame":[{"duration":10},{"value":-1,"duration":4}],"name":"pfs_owl_head"},{"colorFrame":[],"displayFrame":[{"duration":10},{"value":-1,"duration":4}],"name":"pfs_owl_brows"},{"colorFrame":[],"displayFrame":[{"duration":10},{"value":-1,"duration":4}],"name":"pfs_owl_scarf2"},{"colorFrame":[],"displayFrame":[{"duration":10},{"value":-1,"duration":4}],"name":"pfs_owl_scarf"},{"colorFrame":[],"displayFrame":[{"duration":10},{"value":-1,"duration":4}],"name":"pfs_gratis_back"},{"colorFrame":[],"displayFrame":[{"duration":10},{"value":-1,"duration":4}],"name":"pfs_texr_congratulations"},{"colorFrame":[],"displayFrame":[{"duration":10},{"value":-1,"duration":4}],"name":"pfs_text_you_won"},{"colorFrame":[],"displayFrame":[{"value":-1,"duration":14}],"name":"pfs_back_glow3"},{"colorFrame":[],"displayFrame":[{"value":-1,"duration":14}],"name":"pfs_back_glow31"},{"colorFrame":[{"tweenEasing":0,"color":{"bM":90,"rM":44,"gM":57},"duration":11},{"color":{"bM":90,"rM":44,"gM":57},"duration":3}],"displayFrame":[{"duration":11},{"value":-1,"duration":3}],"name":"pfs_spiral1"}],"ffd":[],"ik":[],"bone":[{"rotateFrame":[],"scaleFrame":[],"name":"root","translateFrame":[]},{"rotateFrame":[],"scaleFrame":[{"curve":[0,0,0.5,1],"duration":10},{"y":0.01,"duration":4,"x":0.01}],"name":"pfs_back_glow","translateFrame":[{"curve":[0,0,0.5,1],"duration":10},{"y":72.9473,"duration":4,"x":247.2629}]},{"rotateFrame":[],"scaleFrame":[{"curve":[0,0,0.5,1],"duration":10},{"y":0.01,"duration":4,"x":0.01}],"name":"pfs_back_glow1","translateFrame":[{"curve":[0,0,0.5,1],"duration":10},{"y":67.9736,"duration":4,"x":-288.9945}]},{"rotateFrame":[],"scaleFrame":[{"curve":[0,0,0.5,1],"duration":10},{"y":0.0065,"duration":4,"x":0.0065}],"name":"pfs_back_glow2","translateFrame":[{"duration":10},{"duration":4}]},{"rotateFrame":[{"curve":[0,0,0.5,1],"duration":4},{"curve":[0,0,0.5,1],"duration":6,"rotate":3.8},{"duration":4,"rotate":-26}],"scaleFrame":[{"curve":[0.5,0,0.5,1],"duration":4},{"y":1.05,"curve":[0.5,0,0.5,1],"duration":6,"x":1.05},{"y":0.01,"duration":4,"x":0.01}],"name":"pfs_mainbone","translateFrame":[]},{"rotateFrame":[],"scaleFrame":[],"name":"pfs_spiral","translateFrame":[]},{"rotateFrame":[{"curve":[0.5,0,0.5,1],"duration":4},{"curve":[0.5,0,0.5,1],"duration":6,"rotate":6.9962},{"curve":[0.5,0,0.5,1],"duration":4,"rotate":-14.0038},{"duration":0}],"scaleFrame":[],"name":"pfs_card_l","translateFrame":[{"curve":[0.5,0,0.5,1],"duration":9},{"y":-22.4316,"curve":[0.5,0,0.5,1],"duration":5,"x":-39.8784},{"duration":0}]},{"rotateFrame":[{"tweenEasing":0,"duration":6},{"tweenEasing":0,"duration":4,"rotate":2.0026},{"curve":[0.5,0,0.5,1],"duration":4,"rotate":-10.9974},{"duration":0}],"scaleFrame":[],"name":"pfs_card_r","translateFrame":[{"tweenEasing":0,"duration":8},{"y":-1.2462,"tweenEasing":0,"duration":6,"x":23.6778},{"duration":0}]},{"rotateFrame":[{"tweenEasing":0,"duration":10},{"duration":4,"rotate":-15}],"scaleFrame":[],"name":"pfs_mg_body","translateFrame":[]},{"rotateFrame":[],"scaleFrame":[],"name":"pfs_mg_body1","translateFrame":[]},{"rotateFrame":[{"duration":1},{"curve":[0.5,0,0.5,1],"duration":2},{"curve":[0.5,0,0.5,1],"duration":6,"rotate":3.003},{"duration":5}],"scaleFrame":[],"name":"pfs_mg_head","translateFrame":[]},{"rotateFrame":[{"curve":[0.5,0,0.5,1],"duration":4},{"curve":[0.5,0,0.5,1],"duration":3,"rotate":-1.19},{"curve":[0.5,0,0.5,1],"duration":3,"rotate":4},{"duration":4}],"scaleFrame":[{"curve":[0.5,0,0.5,1],"duration":4},{"y":1.1,"curve":[0.5,0,0.5,1],"duration":5,"x":1.1},{"y":0.01,"duration":5,"x":0.01}],"name":"pfs_gratis_back","translateFrame":[{"duration":7},{"curve":[0.5,0,0.5,1],"duration":3},{"duration":4}]},{"rotateFrame":[{"duration":5},{"curve":[0.5,0,0.5,1],"duration":2},{"curve":[0.5,0,0.5,1],"duration":5,"rotate":-2},{"duration":2}],"scaleFrame":[{"duration":5},{"curve":[0.5,0,0.5,1],"duration":2},{"y":1.15,"curve":[0.5,0,0.5,1],"duration":5,"x":1.15},{"duration":2}],"name":"pfs_texr_congratulations","translateFrame":[{"duration":5},{"curve":[0.5,0,0.5,1],"duration":2},{"y":-10,"curve":[0.5,0,0.5,1],"duration":5},{"duration":2}]},{"rotateFrame":[],"scaleFrame":[],"name":"pfs_text_you_won","translateFrame":[]},{"rotateFrame":[],"scaleFrame":[],"name":"pfs_mg_hand","translateFrame":[{"duration":3},{"curve":[0.5,0,0.5,1],"duration":8},{"y":3.2398,"curve":[0.5,0,0.5,1],"duration":3,"x":14.5937},{"duration":0}]},{"rotateFrame":[],"scaleFrame":[],"name":"pfs_mg_arm","translateFrame":[]},{"rotateFrame":[],"scaleFrame":[],"name":"pfs_owl_body","translateFrame":[]},{"rotateFrame":[],"scaleFrame":[],"name":"pfs_owl_head","translateFrame":[{"curve":[0.5,0,0.5,1],"duration":5},{"curve":[0.5,0,0.5,1],"duration":5,"x":-16.9986},{"y":2.8869,"curve":[0.5,0,0.5,1],"duration":4,"x":12.5869},{"duration":0}]},{"rotateFrame":[],"scaleFrame":[],"name":"pfs_owl_wing1","translateFrame":[{"duration":7},{"curve":[0.5,0,0.5,1],"duration":5},{"y":4.446,"curve":[0.5,0,0.5,1],"duration":2,"x":10.4539},{"duration":0}]},{"rotateFrame":[],"scaleFrame":[],"name":"pfs_owl_brows","translateFrame":[]},{"rotateFrame":[],"scaleFrame":[],"name":"pfs_owl_lashes","translateFrame":[{"curve":[0.5,0,0.5,1],"duration":3},{"y":-0.2846,"curve":[0.5,0,0.5,1],"duration":4,"x":-15.3873},{"duration":7}]},{"rotateFrame":[],"scaleFrame":[],"name":"pfs_owl_head1","translateFrame":[{"duration":3},{"curve":[0.5,0,0.5,1],"duration":8},{"y":2.5177,"curve":[0.5,0,0.5,1],"duration":3,"x":22.8004},{"duration":0}]},{"rotateFrame":[],"scaleFrame":[],"name":"bone_ikTarget","translateFrame":[]},{"rotateFrame":[],"scaleFrame":[],"name":"bone_ikTarget1","translateFrame":[]},{"rotateFrame":[],"scaleFrame":[],"name":"pfs_owl_scarf_back","translateFrame":[]},{"rotateFrame":[],"scaleFrame":[],"name":"bone_ikTarget2","translateFrame":[]},{"rotateFrame":[],"scaleFrame":[],"name":"pfs_mg_head1","translateFrame":[{"curve":[0.5,0,0.5,1],"duration":3},{"y":0.0568,"curve":[0.5,0,0.5,1],"duration":2,"x":-3.5986},{"y":1.708,"curve":[0.5,0,0.5,1],"duration":5,"x":2.6516},{"duration":4}]},{"rotateFrame":[],"scaleFrame":[],"name":"pfs_back_glow3","translateFrame":[]},{"rotateFrame":[],"scaleFrame":[],"name":"pfs_back_glow31","translateFrame":[]},{"rotateFrame":[{"curve":[0.5,0,0.5,1],"duration":11,"rotate":90},{"duration":3}],"scaleFrame":[{"curve":[0.5,0,0.5,1],"duration":11},{"y":1.2222,"duration":3,"x":1.2222}],"name":"pfs_spiral1","translateFrame":[]}],"name":"pfs_hide","duration":14}],"aabb":{"width":1248.820900445262,"y":-441,"height":805,"x":-634.7138871415631},"ik":[{"bone":"pfs_mg_arm","name":"bone_ik","target":"bone_ikTarget"},{"bone":"pfs_owl_body","name":"bone_ik1","target":"bone_ikTarget1"},{"bone":"pfs_owl_scarf_back","name":"bone_ik2","target":"bone_ikTarget2"}],"slot":[{"name":"pfs_blocker","parent":"root","color":{"aM":75}},{"blendMode":"add","z":1,"parent":"pfs_back_glow","name":"pfs_back_glow","color":{}},{"blendMode":"add","z":2,"parent":"pfs_back_glow1","name":"pfs_back_glow1","color":{}},{"blendMode":"add","z":3,"parent":"pfs_back_glow2","name":"pfs_back_glow2","color":{}},{"blendMode":"add","z":4,"parent":"pfs_back_glow3","name":"pfs_back_glow3","color":{}},{"blendMode":"add","z":5,"parent":"pfs_back_glow31","name":"pfs_back_glow31","color":{}},{"z":6,"name":"pfs_card_r","parent":"pfs_card_r","color":{}},{"z":7,"name":"pfs_card_l","parent":"pfs_card_l","color":{}},{"z":8,"name":"pfs_spiral","parent":"pfs_spiral","color":{}},{"blendMode":"add","z":9,"parent":"pfs_spiral1","name":"pfs_spiral1","color":{"bM":0,"rM":0,"gM":0}},{"z":10,"name":"pfs_gold_border","parent":"pfs_mainbone","color":{}},{"blendMode":"add","z":11,"parent":"pfs_mg_body","name":"pfs_glow","color":{"bM":92,"rM":0}},{"z":12,"name":"pfs_mg_body","parent":"pfs_mg_body1","color":{}},{"z":13,"name":"pfs_owl_scarf_back","parent":"pfs_owl_scarf_back","color":{}},{"z":14,"name":"pfs_owl_body","parent":"pfs_owl_body","color":{}},{"z":15,"name":"pfs_mg_eyes","parent":"pfs_mg_head1","color":{}},{"z":16,"name":"pfs_mg_head","parent":"pfs_mg_head","color":{}},{"z":17,"name":"pfs_mg_hand","parent":"pfs_mg_hand","color":{}},{"z":18,"name":"pfs_mg_arm","parent":"pfs_mg_arm","color":{}},{"z":19,"name":"pfs_owl_paws","parent":"pfs_owl_body","color":{}},{"z":20,"name":"pfs_owl_wing","parent":"pfs_owl_wing1","color":{}},{"z":21,"name":"pfs_owl_eyes","parent":"pfs_owl_head","color":{}},{"z":22,"name":"pfs_owl_lashes","parent":"pfs_owl_lashes","color":{}},{"z":23,"name":"pfs_owl_head","parent":"pfs_owl_head","color":{}},{"z":24,"name":"pfs_owl_brows","parent":"pfs_owl_brows","color":{}},{"z":25,"name":"pfs_owl_scarf2","parent":"pfs_owl_wing1","color":{}},{"z":26,"name":"pfs_owl_scarf","parent":"pfs_owl_head1","color":{}},{"z":27,"name":"pfs_gratis_back","parent":"pfs_gratis_back","color":{}},{"z":28,"name":"pfs_texr_congratulations","parent":"pfs_texr_congratulations","color":{}},{"z":29,"name":"pfs_text_you_won","parent":"pfs_text_you_won","color":{}}],"frameRate":30,"defaultActions":[{"gotoAndPlay":"pfs_cycle"}],"skin":[{"slot":[{"display":[{"path":"animate/pfs_glow","type":"image","name":"animate/pfs_glow","transform":{"scY":4,"y":-30.0771,"skX":90,"skY":90,"scX":4,"x":175.3108}}],"blendMode":"add","name":"pfs_glow"},{"display":[{"path":"animate/pfs_back_glow","type":"image","name":"animate/pfs_back_glow","transform":{"scY":2,"y":17.4398,"skX":-172,"skY":-172,"scX":2,"x":188.3734}}],"blendMode":"add","name":"pfs_back_glow3"},{"display":[{"path":"animate/pfs_owl_scarf2","type":"image","name":"animate/pfs_owl_scarf2","transform":{"y":13.9716,"skX":-101.5465,"skY":-101.5465,"x":29.2506}}],"name":"pfs_owl_scarf2"},{"display":[{"path":"animate/pfs_mg_arm","type":"image","name":"animate/pfs_mg_arm","transform":{"y":6.0379,"skX":2.9918,"skY":2.9918,"x":38.8879}}],"name":"pfs_mg_arm"},{"display":[{"path":"animate/pfs_mg_eyes","type":"image","name":"animate/pfs_mg_eyes","transform":{"y":2.2513,"skX":88.4102,"skY":88.4102,"x":34.2256}}],"name":"pfs_mg_eyes"},{"display":[{"path":"animate/pfs_spiral","type":"image","name":"animate/pfs_spiral","transform":{"scY":2,"y":0.4,"scX":2,"x":1.55}}],"name":"pfs_spiral"},{"display":[{"path":"animate/pfs_blocker","type":"image","name":"animate/pfs_blocker","transform":{"scY":22.05,"scX":22.05}}],"name":"pfs_blocker"},{"display":[{"path":"animate/pfs_text_you_won","type":"image","name":"animate/pfs_text_you_won","transform":{"y":0.35,"x":6.15}}],"name":"pfs_text_you_won"},{"display":[{"path":"animate/pfs_owl_lashes","type":"image","name":"animate/pfs_owl_lashes","transform":{"y":13.5345,"skX":88.8205,"skY":88.8205,"x":8.1803}}],"name":"pfs_owl_lashes"},{"display":[{"vertices":[-218,93.65,-187.85,9.9,-161.65,-36.35,-120.05,-56.3,-117.75,-101.9,-56.75,-150.85,54.35,-157.15,122.2,-97.3,117.65,-47.75,182.6,0.75,218,134.05,218,196.8,88,246.5,-113.2,246.35,-218,174.55,-177.7,202.16,-140.55,97.55,-100.65,38.25,-31.7,16.05,49.8,13.2,120.5,53.65,162.1,148.85,172.83,214.07],"edges":[0,1,1,2,2,3,3,4,4,5,5,6,6,7,7,8,8,9,9,10,10,11,12,13,14,0,13,15,15,14,11,22,22,12],"path":"animate/pfs_mg_body","bonePose":[17,0.05855125914254455,-0.9982844033905481,0.9982844033905481,0.05855125914254455,7.550000000000002,-62.349999999999994,11,6.123233995736766e-17,-1,1,6.123233995736766e-17,7.550000000000001,63],"triangles":[9,20,10,20,21,10,10,21,11,21,22,11,8,20,9,21,12,22,20,12,21,19,18,12,18,13,12,8,19,20,19,12,20,6,8,7,16,13,18,6,19,8,18,19,6,5,18,6,17,16,18,16,15,13,4,3,5,5,3,18,3,17,18,1,16,17,2,1,17,3,2,17,14,15,16,1,0,16,0,14,16],"type":"mesh","transform":{"y":9.0824,"skX":86.6433,"skY":86.6433,"x":57.7809},"slotPose":[1,0,0,1,20,-119.5],"userEdges":[],"width":436,"uvs":[0,0.68996,0.06915,0.52008,0.12924,0.42627,0.22466,0.3858,0.22993,0.29331,0.36984,0.19402,0.62466,0.18124,0.78028,0.30264,0.76984,0.40314,0.91881,0.50152,1,0.77191,1,0.89919,0.70183,1,0.24037,0.9997,0,0.85406,0.09243,0.91006,0.17764,0.69787,0.26915,0.57759,0.42729,0.53256,0.61422,0.52677,0.77638,0.60882,0.87179,0.80193,0.8964,0.93422],"height":493,"name":"animate/pfs_mg_body","weights":[2,17,0.58,11,0.42,2,17,0.58,11,0.42,2,17,0.79,11,0.21,2,17,0.79,11,0.21,1,17,1,1,17,1,1,17,1,1,17,1,2,17,0.79,11,0.21,2,17,0.58,11,0.42,2,17,0.58,11,0.42,2,17,0.34,11,0.66,1,11,1,1,11,1,2,17,0.34,11,0.66,1,11,1,1,11,1,2,11,0.58,17,0.42,2,11,0.35000000000000003,17,0.65,2,11,0.25,17,0.75,2,11,0.58,17,0.42,1,11,1,1,11,1]}],"name":"pfs_mg_body"},{"display":[{"path":"animate/pfs_back_glow","type":"image","name":"animate/pfs_back_glow","transform":{"scY":2,"y":17.4398,"skX":-172,"skY":-172,"scX":2,"x":188.3734}}],"blendMode":"add","name":"pfs_back_glow31"},{"display":[{"path":"animate/pfs_owl_scarf","type":"image","name":"animate/pfs_owl_scarf","transform":{"y":-22.2507,"skX":89.7674,"skY":89.7674,"x":38.8177}}],"name":"pfs_owl_scarf"},{"display":[{"path":"animate/pfs_owl_paws","type":"image","name":"animate/pfs_owl_paws","transform":{"y":24.0331,"skX":87.2092,"skY":87.2092,"x":-0.6037}}],"name":"pfs_owl_paws"},{"display":[{"vertices":[-19.55,114.45,21.7,114.45,53.1,84.45,62.05,57.85,77.9,22.75,91,-36.9,80.3,-90.95,32.2,-114.5,-23.6,-114.5,-74.95,-93.9,-91,-40.15,-83.85,15.35,-57.75,57.2,-52.4,80.65,-11.3,102.25,14.7,102.7,27.75,77.75,-25.6,80.35,-40.35,42.4,45.75,41.3,48.35,21.8,-46,20.95,-40.8,5.95,45.95,5.75,61.65,-22.2,-58.7,-23.55,-16.45,-56.1,26.95,-53.1,19.3,23.7,26.45,17.95,35.65,18.3,40.65,21.95,35.25,24.35,25.65,25.4,15.6,23,25.75,14.2,37.05,14.5,43.4,22.05,38.65,29.55,25.85,30.25],"edges":[0,1,1,2,2,3,3,4,4,5,5,6,6,7,7,8,8,9,9,10,10,11,11,12,12,13,13,0],"path":"animate/pfs_mg_head","bonePose":[23,0.027744079928723554,-0.9996150589246385,0.9996150589246385,0.027744079928723554,18.299999999999997,-226.84999999999997,21,0.015771698547498908,-0.9998756190271502,0.9998756190271502,0.015771698547498908,22.65,-173.2],"triangles":[24,23,4,6,27,5,27,24,5,24,4,5,19,3,4,20,19,4,23,20,4,7,27,6,16,2,3,19,16,3,27,23,24,27,35,23,36,37,23,38,19,20,37,38,20,23,37,20,16,15,2,15,1,2,39,16,19,36,31,37,31,38,37,35,36,23,38,39,19,26,35,27,26,27,7,36,30,31,8,26,7,32,38,31,30,32,31,32,39,38,26,22,35,35,30,36,39,34,16,34,17,16,35,29,30,33,39,32,30,29,32,29,33,32,22,34,35,18,17,34,28,33,29,14,15,16,17,14,16,28,29,35,34,28,35,28,34,39,33,28,39,15,14,1,14,0,1,22,21,34,21,18,34,25,22,26,8,9,26,17,0,14,17,13,0,9,25,26,18,12,17,12,13,17,9,10,25,21,12,18,11,21,22,25,11,22,11,12,21,10,11,25],"type":"mesh","transform":{"y":-5.3576,"skX":89.0963,"skY":89.0963,"x":108.229},"slotPose":[1,-5.10702591327572e-15,5.10702591327572e-15,1,18.999999999999716,-281.5],"userEdges":[],"width":182,"uvs":[0.39258,0.99978,0.61923,0.99978,0.79176,0.86878,0.84093,0.75262,0.92802,0.59934,1,0.33886,0.94121,0.10284,0.67692,0,0.37033,0,0.08819,0.08996,0,0.32467,0.03929,0.56703,0.18269,0.74978,0.21209,0.85218,0.43791,0.94651,0.58077,0.94847,0.65247,0.83952,0.35934,0.85087,0.2783,0.68515,0.75137,0.68035,0.76566,0.5952,0.24725,0.59148,0.27582,0.52598,0.75247,0.52511,0.83874,0.40306,0.17747,0.39716,0.40962,0.25502,0.64808,0.26812,0.60604,0.60349,0.64533,0.57838,0.69588,0.57991,0.72335,0.59585,0.69368,0.60633,0.64093,0.61092,0.58571,0.60044,0.64148,0.56201,0.70357,0.56332,0.73846,0.59629,0.71236,0.62904,0.64203,0.6321],"height":229,"name":"animate/pfs_mg_head","weights":[2,21,0.59,23,0.41000000000000003,2,21,0.59,23,0.41000000000000003,1,21,1,1,21,1,1,21,1,1,21,1,1,21,1,1,21,1,1,21,1,1,21,1,1,21,1,1,21,1,1,21,1,1,21,1,1,23,1,1,23,1,1,23,1,1,23,1,1,23,1,1,23,1,1,23,1,1,23,1,1,23,1,1,23,1,1,23,1,1,23,1,1,23,1,1,23,1,1,23,1,1,23,1,1,23,1,1,23,1,1,23,1,1,23,1,1,23,1,1,23,1,1,23,1,1,23,1,1,23,1,1,23,1]}],"name":"pfs_mg_head"},{"display":[{"path":"animate/pfs_spiral","type":"image","name":"animate/pfs_spiral","transform":{"scY":2,"y":0.4,"scX":2,"x":1.55}}],"blendMode":"add","name":"pfs_spiral1"},{"display":[{"path":"animate/pfs_back_glow","type":"image","name":"animate/pfs_back_glow","transform":{"scY":2,"y":17.4398,"skX":-172,"skY":-172,"scX":2,"x":188.3734}}],"blendMode":"add","name":"pfs_back_glow"},{"display":[{"path":"animate/pfs_back_glow","type":"image","name":"animate/pfs_back_glow","transform":{"scY":2,"y":17.4398,"skX":-172,"skY":-172,"scX":2,"x":188.3734}}],"blendMode":"add","name":"pfs_back_glow1"},{"display":[{"path":"animate/pfs_owl_head","type":"image","name":"animate/pfs_owl_head","transform":{"y":-7.5055,"skX":92.2472,"skY":92.2472,"x":20.41}}],"name":"pfs_owl_head"},{"display":[{"path":"animate/pfs_owl_scarf_back","type":"image","name":"animate/pfs_owl_scarf_back","transform":{"y":14.2481,"skX":-92.2413,"skY":-92.2413,"x":52.7476}}],"name":"pfs_owl_scarf_back"},{"display":[{"path":"animate/pfs_card_r","type":"image","name":"animate/pfs_card_r","transform":{"y":-25.6617,"skX":29.1326,"skY":29.1326,"x":195.9289}}],"name":"pfs_card_r"},{"display":[{"path":"animate/pfs_owl_wing","type":"image","name":"animate/pfs_owl_wing","transform":{"y":-55.1435,"skX":-101.3139,"skY":-101.3139,"x":78.6093}}],"name":"pfs_owl_wing"},{"display":[{"path":"animate/pfs_mg_hand","type":"image","name":"animate/pfs_mg_hand","transform":{"y":27.4114,"skX":67.1663,"skY":67.1663,"x":50.6026}}],"name":"pfs_mg_hand"},{"display":[{"path":"animate/pfs_gold)border","type":"image","name":"animate/pfs_gold)border","transform":{"y":-98.6,"x":1.45}}],"name":"pfs_gold_border"},{"display":[{"path":"animate/pfs_back_glow","type":"image","name":"animate/pfs_back_glow","transform":{"y":17.4398,"skX":-172,"skY":-172,"x":188.3734}}],"blendMode":"add","name":"pfs_back_glow2"},{"display":[{"path":"animate/pfs_owl_brows","type":"image","name":"animate/pfs_owl_brows","transform":{"y":-9.0508,"skX":92.2906,"skY":92.2906,"x":12.6719}}],"name":"pfs_owl_brows"},{"display":[{"path":"animate/pfs_owl_body","type":"image","name":"animate/pfs_owl_body","transform":{"y":1.902,"skX":87.2092,"skY":87.2092,"x":32.3578}}],"name":"pfs_owl_body"},{"display":[{"path":"animate/pfs_card_l","type":"image","name":"animate/pfs_card_l","transform":{"y":35.9233,"skX":150.6262,"skY":150.6262,"x":201.4148}}],"name":"pfs_card_l"},{"display":[{"path":"animate/pfs_gratis_back","type":"image","name":"animate/pfs_gratis_back","transform":{"y":24.05,"x":-0.1}}],"name":"pfs_gratis_back"},{"display":[{"path":"animate/pfs_texr_congratulations","type":"image","name":"animate/pfs_texr_congratulations","transform":{"y":-3.05,"x":-0.9}}],"name":"pfs_texr_congratulations"},{"display":[{"path":"animate/pfs_owl_eyes","type":"image","name":"animate/pfs_owl_eyes","transform":{"y":2.0663,"skX":92.2472,"skY":92.2472,"x":47.5556}}],"name":"pfs_owl_eyes"}],"name":""}]}],"name":"popup_freespin_01","version":"5.5"}