{"frameRate":30,"name":"scatter","version":"5.5","compatibleVersion":"5.5","armature":[{"type":"Armature","frameRate":30,"name":"Armature","aabb":{"x":-193.62,"y":-162.55,"width":378.24,"height":344.31},"bone":[{"name":"root"},{"length":194,"name":"scatter_bone","parent":"root","transform":{"x":2.7947,"y":6.9521,"skX":-9,"skY":-9,"scX":0.85,"scY":0.8136}},{"length":143,"name":"b_magiccircle1","parent":"scatter_bone","transform":{"x":-5.1591,"y":-8.15}},{"length":181,"name":"b_mainbook","parent":"scatter_bone","transform":{"x":5.5,"y":16.5,"skX":-90,"skY":-90}},{"length":143,"name":"b_magiccircle","parent":"scatter_bone","transform":{"x":-5.1591,"y":-8.15}},{"length":33,"name":"b_bookmark","parent":"b_mainbook","transform":{"x":-21.6,"y":-95.1,"skX":-159.4241,"skY":-159.4241}},{"length":37,"name":"b_s","parent":"b_mainbook","transform":{"x":67.3,"y":-5.1,"skX":-2.3924,"skY":-2.3924}},{"length":108,"name":"b_sparcles2","parent":"b_mainbook","transform":{"x":85.6047,"y":-9.0471,"skX":-5.0339,"skY":-5.0339,"scX":0.6,"scY":0.6}},{"length":95,"name":"b_book","parent":"b_mainbook","transform":{"x":-18.1,"skX":180,"skY":180}},{"length":81,"name":"b_pageglow111","parent":"b_mainbook","transform":{"x":-8.7423,"y":99.7648,"skX":-166,"skY":-166,"scY":1.6}},{"length":169,"name":"b_Frame2","parent":"b_mainbook","transform":{"x":17.45,"y":-1.1953,"skX":90,"skY":90}},{"length":81,"name":"b_pageglow1","parent":"b_mainbook","transform":{"x":-58.8529,"y":-33.3824,"skX":-79.21,"skY":-79.21,"scX":0.8235,"scY":0.3529}},{"length":81,"name":"b_pageglow11","parent":"b_mainbook","transform":{"x":-58.8529,"y":-33.3824,"skX":-76.21,"skY":-76.21,"scX":1.47,"scY":0.45}},{"length":127,"name":"bone","parent":"b_mainbook","transform":{"x":63.0299,"y":-8.0268,"scX":0.77,"scY":1.1765}},{"length":89,"name":"b_s_glow","parent":"b_s","transform":{"x":-26.4679,"y":-7.3112,"skX":-0.0176,"skY":-0.0176}},{"length":81,"name":"b_pageglow","parent":"b_pageglow1","transform":{"x":17.6275,"y":9.5254,"skX":-78.79,"skY":-78.79,"scX":3.95}},{"length":138,"name":"b_s_glow_round","parent":"b_s","transform":{"x":-36.7799,"y":-5.3259,"skX":-1.1788,"skY":-1.1788}},{"length":81,"name":"b_pageglow21","parent":"b_pageglow111","transform":{"x":39.9932,"y":26.3631,"skX":-77.79,"skY":-77.79}},{"length":81,"name":"b_pageglow2","parent":"b_pageglow11","transform":{"x":39.9932,"y":26.3631,"skX":-77.79,"skY":-77.79,"scX":3.95}},{"length":90,"name":"b_magiccirclec","parent":"bone","transform":{"skX":90,"skY":90}}],"slot":[{"blendMode":"add","name":"b_magiccircle1","parent":"b_magiccircle1"},{"name":"b_Frame2","parent":"b_Frame2"},{"blendMode":"add","name":"b_magiccircle","parent":"b_magiccircle"},{"name":"b_book","parent":"b_mainbook"},{"blendMode":"add","name":"cr_light1","parent":"b_mainbook","color":{"gM":87,"bM":22}},{"blendMode":"add","name":"cr_light11","parent":"b_mainbook","color":{"gM":87,"bM":22}},{"name":"b_gems2","parent":"b_mainbook"},{"name":"b_gems1","parent":"b_mainbook"},{"blendMode":"add","name":"b_magiccirclec","parent":"b_magiccirclec"},{"name":"b_s","parent":"b_s"},{"blendMode":"add","name":"b_s_glow","parent":"b_s_glow"},{"blendMode":"add","name":"b_s_glow_round","parent":"b_s_glow_round"},{"blendMode":"add","name":"b_sparcles2","parent":"b_sparcles2"},{"blendMode":"add","name":"b_pageglow","parent":"b_pageglow"},{"blendMode":"add","name":"b_pageglow1","parent":"b_pageglow2"},{"name":"b_bookmark","parent":"b_bookmark"},{"name":"b_bookmarkblocker","parent":"b_mainbook"},{"blendMode":"add","name":"b_pageglow11","parent":"b_pageglow21"}],"skin":[{"slot":[{"name":"b_s_glow_round","display":[{"name":"book_final_go/b_s_glow_round","transform":{"x":85.06,"y":-7.51,"skX":93.57,"skY":93.57}}]},{"name":"cr_light1","display":[{"type":"mesh","name":"book_final_go/cr_light","width":164,"height":83,"vertices":[17.61,-133.57,20.7,-149.07,12.81,-151.61,6.8,-134.12,19.17,-141.4,9.86,-143.02],"uvs":[0.09085,0,0.08323,1.0006,0.91585,1.0006,0.92348,0,0.087,0.50548,0.9196,0.50894],"triangles":[4,1,2,4,2,5,0,4,5,0,5,3],"edges":[1,2,3,0,0,4,4,1,2,5,5,3],"userEdges":[]}]},{"name":"b_pageglow","display":[{"name":"book_final_go/b_pageglow","transform":{"x":31.21,"y":17.86,"skX":-90,"skY":-90,"scY":0.9}}]},{"name":"cr_light11","display":[{"type":"mesh","name":"book_final_go/cr_light","width":164,"height":83,"vertices":[17.61,-133.57,20.7,-149.07,12.81,-151.61,6.8,-134.12,19.17,-141.4,9.86,-143.02],"uvs":[0.09085,0,0.08323,1.0006,0.91585,1.0006,0.92348,0,0.087,0.50548,0.9196,0.50894],"triangles":[4,1,2,4,2,5,0,4,5,0,5,3],"edges":[1,2,3,0,0,4,4,1,2,5,5,3],"userEdges":[]}]},{"name":"b_gems2","display":[{"name":"book_final_go/b_gems2","transform":{"x":-28.5,"y":6,"skX":90,"skY":90}}]},{"name":"b_bookmark","display":[{"name":"book_final_go/b_bookmark","transform":{"x":15.26,"y":-3.17,"skX":-110.58,"skY":-110.58}}]},{"name":"b_magiccirclec","display":[{"name":"book_final_go/b_magiccirclec","transform":{"x":0.09,"y":1.36}}]},{"name":"b_magiccircle1","display":[{"name":"book_final_go/b_magiccircle","transform":{"x":3.58,"y":-1.04}}]},{"name":"b_pageglow11","display":[{"name":"book_final_go/b_pageglow","transform":{"x":31.21,"y":17.86,"skX":-90,"skY":-90,"scY":0.9}}]},{"name":"b_s_glow","display":[{"name":"book_final_go/b_s_glow","transform":{"x":56.02,"y":23.18,"skX":92.41,"skY":92.41}}]},{"name":"b_book","display":[{"type":"mesh","name":"book_final_go/b_book","width":336,"height":297,"vertices":[-166.7,-4.45,-136.35,63.5,37.4,143,158.25,-27.45,142.9,-116.85,-29.46,-158.08,21.7,65.8,139.1,-110.3],"uvs":[0.0128,0.50354,0.10313,0.73232,0.62024,1,0.97991,0.42609,0.93423,0.12508,0.44449,0.00892,0.57351,0.74007,0.92292,0.14714],"triangles":[7,6,3,6,2,3,4,7,3,5,6,7,5,7,4,5,0,6,0,1,6,6,1,2],"weights":[1,3,1,2,8,0.74,3,0.26,2,8,0.43,3,0.57,2,8,0.75,3,0.25,1,3,1,1,3,1,1,3,1,1,3,1],"slotPose":[1,0,0,1,0,0],"bonePose":[3,0,-1,1,0,5.5,16.5,8,0,1,-1,0,5.5,34.6],"edges":[0,1,1,2,2,3,3,4,4,5,5,0],"userEdges":[]}]},{"name":"b_sparcles2","display":[{"name":"book_final_go/b_sparcles2","transform":{"x":9.64,"y":18.52,"skX":95.03,"skY":95.03}}]},{"name":"b_Frame2","display":[{"name":"book_final_go/b_Frame2","transform":{"x":-5.23,"y":-6.05}}]},{"name":"b_pageglow1","display":[{"name":"book_final_go/b_pageglow","transform":{"x":31.21,"y":17.86,"skX":-90,"skY":-90,"scY":0.9}}]},{"name":"b_gems1","display":[{"name":"book_final_go/b_gems1","transform":{"x":114.5,"y":107,"skX":90,"skY":90}}]},{"name":"b_bookmarkblocker","display":[{"type":"mesh","name":"book_final_go/b_bookmarkblocker","width":51,"height":34,"vertices":[-103.95,18,-111,34.1,-65.25,51.95,-60,52,-60,33.2],"uvs":[0.13824,0,0,0.47353,0.89706,0.99853,1,1,1,0.44706],"triangles":[1,2,4,0,1,4,4,2,3],"weights":[1,3,1,2,8,0.25,3,0.75,2,8,0.25,3,0.75,2,8,0.25,3,0.75,1,3,1],"slotPose":[1,0,0,1,0,0],"bonePose":[8,0,1,-1,0,5.5,34.6,3,0,-1,1,0,5.5,16.5],"edges":[0,1,1,2,2,3,3,4,4,0],"userEdges":[]}]},{"name":"b_s","display":[{"name":"book_final_go/b_s","transform":{"x":-4.3,"y":-0.08,"skX":92.39,"skY":92.39}}]},{"name":"b_magiccircle","display":[{"name":"book_final_go/b_magiccircle","transform":{"x":3.58,"y":-1.04}}]}]}],"animation":[{"duration":90,"playTimes":0,"name":"animtion0","bone":[{"name":"b_s","translateFrame":[{"duration":31},{"duration":9,"curve":[0.5,0,0.5,1]},{"duration":20,"curve":[0.5,0,0.5,1],"x":9.56,"y":-0.54},{"duration":30}],"rotateFrame":[{"duration":31},{"duration":9,"curve":[0.5,0,0.5,1]},{"duration":16,"curve":[0.5,0,0.5,1],"rotate":-2},{"duration":30,"curve":[0.5,0,0.5,1],"rotate":-11.71},{"duration":4}],"scaleFrame":[{"duration":31},{"duration":9,"curve":[0.5,0,0.5,1]},{"duration":36,"curve":[0.5,0,0.5,1],"x":1.3,"y":1.3},{"duration":14}]},{"name":"b_mainbook","translateFrame":[{"duration":30,"tweenEasing":0},{"duration":60,"curve":[0.5,0,0.5,1],"x":-0.73,"y":-5.08},{"duration":0}],"rotateFrame":[{"duration":15,"tweenEasing":0},{"duration":21,"curve":[0.5,0,0.5,1],"rotate":-6},{"duration":14,"curve":[0.5,0,0.5,1],"rotate":4},{"duration":19,"curve":[0.5,0,0.5,1],"rotate":-6},{"duration":21,"tweenEasing":0,"rotate":6},{"duration":0}],"scaleFrame":[{"duration":23,"curve":[0.5,0,0.5,1]},{"duration":8,"curve":[0.5,0,0.5,1],"x":1.01,"y":1.01},{"duration":5,"tweenEasing":0,"x":0.8,"y":0.8},{"duration":54,"curve":[0.5,0,0.5,1],"x":1.2,"y":1.2},{"duration":0}]},{"name":"b_s_glow","scaleFrame":[{"duration":25},{"duration":24,"curve":[0.5,0,0.5,1]},{"duration":25,"curve":[0.5,0,0.5,1],"x":1.1,"y":1.1},{"duration":16}]},{"name":"b_s_glow_round","translateFrame":[{"duration":20},{"duration":24,"curve":[0.5,0,0.5,1]},{"duration":46,"curve":[0.5,0,0.5,1],"x":12.39,"y":0.72},{"duration":0}],"rotateFrame":[{"duration":20},{"duration":24,"curve":[0.5,0,0.5,1],"rotate":-10},{"duration":16,"curve":[0.5,0,0.5,1],"rotate":10},{"duration":30,"rotate":-10}],"scaleFrame":[{"duration":20},{"duration":24,"curve":[0.5,0,0.5,1],"x":0.65},{"duration":16,"tweenEasing":0,"x":0.75,"y":0.9},{},{"duration":29,"curve":[0.5,0,0.5,1],"x":0.65},{"duration":0}]},{"name":"b_book","translateFrame":[{"duration":20},{"duration":10,"curve":[0.5,0,0.5,1]},{"duration":6,"curve":[0.5,0,0.5,1],"x":-12.57},{"duration":14,"curve":[0.5,0,0.5,1],"x":28.46,"y":-6.39},{"duration":40,"curve":[0.5,0,0.5,1],"x":-12.57},{"duration":0}]},{"name":"b_magiccircle","rotateFrame":[{"duration":30},{"duration":27,"tweenEasing":0},{"duration":33,"tweenEasing":0,"rotate":180},{"duration":0,"rotate":-1}],"scaleFrame":[{"duration":30,"x":0.01,"y":0.01},{"duration":10,"curve":[0.5,0,0.5,1],"x":0.3,"y":0.3},{"duration":17,"curve":[0.5,0,0.5,1],"x":1.4,"y":1.4},{"duration":16,"curve":[0.5,0,0.5,1],"x":0.7,"y":0.7},{"duration":17,"curve":[0.5,0,0.5,1],"x":1.15,"y":1.15},{"duration":0,"x":0.4,"y":0.4}]},{"name":"b_magiccircle1","rotateFrame":[{"duration":31},{"duration":59,"tweenEasing":0},{"duration":0,"rotate":-179}],"scaleFrame":[{"duration":31},{"duration":15,"curve":[0.5,0,0.5,1],"x":0.7,"y":0.7},{"duration":20,"curve":[0.5,0,0.5,1],"x":1.35,"y":1.35},{"duration":14,"curve":[0.5,0,0.5,1],"x":0.7,"y":0.7},{"duration":10,"curve":[0.5,0,0.5,1],"x":1.15,"y":1.15},{"duration":0,"x":0.7,"y":0.7}]},{"name":"b_Frame2","translateFrame":[{"duration":30,"curve":[0.5,0,0.5,1]},{"duration":30,"curve":[0.5,0,0.5,1],"y":-8.19},{"duration":30}],"scaleFrame":[{"duration":15,"tweenEasing":0},{"duration":15,"curve":[0.5,0,0.5,1],"x":0.75,"y":0.75},{"duration":15,"curve":[0.5,0,0.5,1]},{"duration":15,"curve":[0.5,0,0.5,1],"x":0.75,"y":0.75},{"duration":15,"curve":[0.5,0,0.5,1]},{"duration":15,"curve":[0.5,0,0.5,1],"x":0.75,"y":0.75},{"duration":0}]},{"name":"b_sparcles2","translateFrame":[{"duration":34},{"duration":56,"curve":[0.5,0,0.5,1]},{"duration":0,"x":0.86,"y":-9.48}],"rotateFrame":[{"duration":34},{"duration":56,"curve":[0.5,0,0.5,1],"rotate":-16},{"duration":0,"rotate":8}],"scaleFrame":[{"duration":34},{"duration":43,"curve":[0.5,0,0.5,1]},{"tweenEasing":0,"x":1.33,"y":1.33},{"duration":12,"tweenEasing":0,"x":1.34,"y":-1.33},{"duration":0,"x":1.67,"y":-1.67}]},{"name":"b_pageglow","translateFrame":[{"duration":24},{"duration":12,"curve":[0.5,0,0.5,1],"x":-0.53,"y":-11.76},{"duration":14,"curve":[0.5,0,0.5,1],"x":-6.92,"y":18.13},{"duration":20,"curve":[0.5,0,0.5,1],"x":-3.23,"y":-21.79},{"duration":19,"curve":[0.5,0,0.5,1],"x":-4.87,"y":-9.04},{"x":-8.45,"y":-12.87}],"scaleFrame":[{"duration":22,"x":0},{"duration":6,"curve":[0.5,0,0.5,1],"x":0},{"duration":18,"curve":[0.5,0,0.5,1]},{"duration":18,"curve":[0.5,0,0.5,1],"x":0.44},{"duration":16,"curve":[0.5,0,0.5,1],"x":0.77},{"duration":10,"x":0}]},{"name":"b_pageglow2","translateFrame":[{"duration":40},{"duration":10,"curve":[0.5,0,0.5,1],"x":0.24,"y":-3.27},{"duration":23,"curve":[0.5,0,0.5,1],"x":-0.08,"y":-15.56},{"duration":12,"curve":[0.5,0,0.5,1],"x":-0.02,"y":-5.23},{"duration":5,"x":0.06,"y":-10.6}],"scaleFrame":[{"duration":40,"x":0},{"duration":6,"curve":[0.5,0,0.5,1],"x":0},{"duration":13,"curve":[0.5,0,0.5,1]},{"duration":14,"curve":[0.5,0,0.5,1],"x":0.44},{"duration":17,"curve":[0.5,0,0.5,1],"x":0.77},{"duration":0,"x":0}]},{"name":"b_pageglow21","scaleFrame":[{"duration":40,"x":0},{"duration":6,"curve":[0.5,0,0.5,1],"x":0},{"duration":12,"curve":[0.5,0,0.5,1]},{"duration":13,"curve":[0.5,0,0.5,1],"x":0.44},{"duration":19,"curve":[0.5,0,0.5,1],"x":0.77},{"duration":0,"x":0}]},{"name":"b_magiccirclec","rotateFrame":[{"duration":30},{"duration":18,"curve":[0.5,0,1,1],"rotate":-90},{"duration":17,"tweenEasing":0,"rotate":90},{"duration":25,"rotate":-91}],"scaleFrame":[{"duration":30},{"duration":9,"curve":[0.5,0,0.5,1],"x":0.01,"y":0.01},{"duration":26,"curve":[0.5,0,0.5,1],"x":1.3,"y":1.3},{"duration":25,"x":0.2,"y":0.2}]}],"slot":[{"name":"b_Frame2","colorFrame":[{"duration":11,"curve":[0.5,0,0.5,1]},{"duration":68,"curve":[0.5,0,0.5,1],"value":{"aM":85,"rM":3,"gM":77}},{"duration":11,"curve":[0.5,0,0.5,1],"value":{"aM":85,"rM":3,"gM":77}},{"duration":0}]},{"name":"b_s_glow","colorFrame":[{"duration":25,"value":{"aM":0}},{"duration":24,"curve":[0.5,0,0.5,1],"value":{"aM":0}},{"duration":25,"curve":[0.5,0,0.5,1],"value":{"aM":77}},{"duration":16,"value":{"aM":0}}]},{"name":"b_s_glow_round","colorFrame":[{"duration":20,"curve":[0.5,0,0.5,1],"value":{"aM":0}},{"duration":24,"curve":[0.5,0,0.5,1],"value":{"aM":0}},{"duration":16,"curve":[0.5,0,0.5,1],"value":{"aM":65}},{"duration":30,"value":{"aM":0}}]},{"name":"b_magiccircle1","colorFrame":[{"duration":31,"curve":[0.5,0,0.5,1],"value":{"aM":0}},{"duration":15,"curve":[0.5,0,0.5,1],"value":{"aM":0}},{"duration":20,"curve":[0.5,0,0.5,1],"value":{"aM":67}},{"duration":14,"curve":[0.5,0,0.5,1],"value":{"aM":0}},{"duration":10,"curve":[0.5,0,0.5,1],"value":{"aM":67}},{"duration":0,"value":{"aM":0}}]},{"name":"cr_light1","colorFrame":[{"tweenEasing":0,"value":{"aM":0}},{"duration":3,"tweenEasing":0,"value":{"gM":87,"bM":22}},{"tweenEasing":0,"value":{"gM":87,"bM":22}},{"duration":2,"value":{"aM":0}},{"duration":16,"tweenEasing":0,"value":{"gM":87,"bM":22}},{"duration":2,"tweenEasing":0,"value":{"gM":87,"bM":22}},{"duration":15,"value":{"aM":0,"gM":87,"bM":22}},{"duration":3,"tweenEasing":0,"value":{"aM":0}},{"duration":10,"tweenEasing":0,"value":{"gM":87,"bM":22}},{"duration":2,"tweenEasing":0,"value":{"gM":87,"bM":22}},{"duration":7,"value":{"aM":0}},{"duration":2,"tweenEasing":0,"value":{"aM":0}},{"duration":20,"tweenEasing":0,"value":{"gM":87,"bM":22}},{"duration":5,"tweenEasing":0,"value":{"gM":87,"bM":22}},{"value":{"aM":0,"gM":87,"bM":22}}]},{"name":"cr_light11","colorFrame":[{"tweenEasing":0,"value":{"aM":0}},{"duration":13,"tweenEasing":0},{"tweenEasing":0,"value":{"gM":87,"bM":22}},{"duration":4,"tweenEasing":0,"value":{"aM":0,"gM":87,"bM":22}},{"tweenEasing":0,"value":{"aM":0,"gM":87,"bM":22}},{"duration":4,"tweenEasing":0,"value":{"gM":87,"bM":22}},{"tweenEasing":0,"value":{"gM":87,"bM":22}},{"duration":15,"value":{"aM":0,"gM":87,"bM":22}},{"duration":3,"tweenEasing":0,"value":{"aM":0}},{"duration":33,"tweenEasing":0},{"duration":3,"tweenEasing":0,"value":{"gM":87,"bM":22}},{"duration":5,"tweenEasing":0,"value":{"aM":0,"gM":87,"bM":22}},{"duration":4,"tweenEasing":0,"value":{"gM":87,"bM":22}},{"duration":2,"value":{"aM":0,"gM":87,"bM":22}}]},{"name":"b_sparcles2","colorFrame":[{"duration":34,"value":{"aM":0}},{"duration":21,"tweenEasing":0,"value":{"aM":0}},{"duration":22,"tweenEasing":0},{"duration":13,"value":{"aM":0}}]},{"name":"b_pageglow","colorFrame":[{"duration":22,"value":{"aM":0}},{"duration":6,"curve":[0.5,0,0.5,1],"value":{"aM":0}},{"duration":18,"curve":[0.5,0,0.5,1]},{"duration":18,"curve":[0.5,0,0.5,1],"value":{"aM":50}},{"duration":14,"curve":[0.5,0,0.5,1]},{"duration":12,"value":{"aM":0}}]},{"name":"b_pageglow1","colorFrame":[{"duration":40,"value":{"aM":0}},{"duration":6,"curve":[0.5,0,0.5,1],"value":{"aM":0}},{"duration":13,"curve":[0.5,0,0.5,1]},{"duration":14,"curve":[0.5,0,0.5,1],"value":{"aM":50}},{"duration":15,"curve":[0.5,0,0.5,1]},{"duration":2,"value":{"aM":0}}]},{"name":"b_pageglow11","colorFrame":[{"duration":40,"value":{"aM":0}},{"duration":6,"curve":[0.5,0,0.5,1],"value":{"aM":0}},{"duration":12,"curve":[0.5,0,0.5,1]},{"duration":13,"curve":[0.5,0,0.5,1],"value":{"aM":50}},{"duration":17,"curve":[0.5,0,0.5,1]},{"duration":2,"value":{"aM":0}}]},{"name":"b_magiccirclec","displayFrame":[{"duration":30,"value":-1},{"duration":60},{"duration":0,"value":-1}],"colorFrame":[{"duration":39},{"duration":21,"curve":[0.5,0,1,1]},{"duration":30,"value":{"aM":0,"gM":0,"bM":0}}]}],"ffd":[{"name":"book_final_go/cr_light","slot":"cr_light1","frame":[{"tweenEasing":0,"vertices":[13.44,11.85,-4.93,11.88,-6.26,35.1,16.18,24.62,7.39,14.9,5.91,29.87]},{"tweenEasing":0,"vertices":[12.61,39.61,12.9,28.05,1.23,35.6,14.43,40.75,8.11,36.01,11.87,36.27]},{"tweenEasing":0,"vertices":[35.18,51.36,8.89,54.65,14.01,63.21,41.72,64.58,26.4,58.71,34.39,69.57]},{"tweenEasing":0,"vertices":[35.6,48.29,12.19,58.56,17.92,65.72,48.4,52.05,30.05,61.55,39.9,73.8]},{"tweenEasing":0,"vertices":[53.16,46.69,33.49,65.01,43.83,67.03,59.98,58.09,40.54,43.91,48.71,57.28]},{"duration":2,"tweenEasing":0,"vertices":[56.55,46.54,41.61,52.93,43.09,66.96,61.71,60.81,50.33,51.62,54.7,66.3]},{"tweenEasing":0,"vertices":[82.84,101.46,80.81,88.17,84.07,101.09,89.65,102.64,87.95,86.78,89.77,94.15]},{"duration":2,"tweenEasing":0,"vertices":[91.09,108.96,86.66,93.87,88.02,101.74,101.3,115.14,82.15,108.58,86.47,114.65]},{"tweenEasing":0,"vertices":[104.69,120.41,80.56,115.82,84.02,123.64,116,128.54,92.05,118.33,99.97,126.9]},{"tweenEasing":0,"vertices":[129.39,112.21,111.56,116.22,112.32,133.44,136.25,126.79,121.3,114.63,123.87,130.45]},{"duration":3,"tweenEasing":0,"vertices":[132.6,140.3,128,119.6,115.85,134.6,134.15,136.1,136.8,118.3,131.45,137.7]},{"duration":2,"tweenEasing":0,"vertices":[122.32,171.53,135.15,131.21,129.33,143.21,124.57,169.12,130.06,148.63,129.36,145.72]},{"duration":4,"tweenEasing":0,"vertices":[112.31,225.46,117.98,194.78,117.39,193.93,112.28,221.15,114.6,209.79,114.9,206.34]},{"tweenEasing":0,"vertices":[110.69,249.84,112.2,220.48,112.15,216.92,105.9,241.37,112.95,233.24,108.17,230.94]},{"tweenEasing":0,"vertices":[108.44,259.16,112.45,232.18,109.96,226.5,103.24,249.79,110.7,246.18,106.3,239.96]},{"duration":2,"tweenEasing":0,"vertices":[107.1,264.75,112.6,239.2,108.65,232.25,101.65,254.85,109.35,253.95,98.85,244.25]},{"duration":15,"vertices":[107.1,264.75,109.55,251.6,111.15,247.55,101.65,254.85,109.35,253.95,106.05,252.75]},{"tweenEasing":0,"vertices":[9.8,7.65,-5.75,-4.75,-10,34.85,12.4,24.2,3.65,11.7,-0.15,30.5]},{"tweenEasing":0,"vertices":[13.44,11.85,-4.93,11.88,-6.26,35.1,16.18,24.62,7.39,14.9,5.91,29.87]},{"tweenEasing":0,"vertices":[13.02,25.73,3.98,19.97,-2.51,35.35,16.7,31.13,11.8,19.31,9.99,31.42]},{"duration":2,"tweenEasing":0,"vertices":[12.61,39.61,12.9,28.05,1.23,35.6,14.43,40.75,8.11,36.01,11.87,36.27]},{"duration":2,"tweenEasing":0,"vertices":[23.46,48.56,7.25,41.28,7.51,51.99,28.14,52.89,9.95,47.52,14.21,52.99]},{"duration":2,"tweenEasing":0,"vertices":[34.32,57.5,2.3,46.82,6.18,58.18,41.86,65.04,19.08,53.03,23.35,61.11]},{"tweenEasing":0,"vertices":[35.18,51.36,8.89,54.65,14.01,63.21,41.72,64.58,26.4,58.71,34.39,69.57]},{"duration":2,"tweenEasing":0,"vertices":[35.6,48.29,12.19,58.56,17.92,65.72,48.4,52.05,30.05,61.55,39.9,73.8]},{"tweenEasing":0,"vertices":[40.83,37.99,23.71,69.66,34.49,80.82,50.37,49.06,30.11,63.58,44.22,66.25]},{"tweenEasing":0,"vertices":[47,42.34,29.45,69.23,39.16,73.92,55.18,53.58,40.03,45.15,46.47,61.77]},{"tweenEasing":0,"vertices":[53.16,46.69,33.49,65.01,43.83,67.03,59.98,58.09,40.54,43.91,48.71,57.28]},{"duration":7,"tweenEasing":0,"vertices":[56.55,46.54,41.61,52.93,43.09,66.96,61.71,60.81,50.33,51.62,54.7,66.3]},{"duration":2,"tweenEasing":0,"vertices":[94.34,81.2,82.45,89.3,84.32,100,93.09,86.19,88.99,85.54,88.84,93.09]},{"duration":2,"tweenEasing":0,"vertices":[82.84,101.46,80.81,88.17,84.07,101.09,89.65,102.64,87.95,86.78,89.77,94.15]},{"tweenEasing":0,"vertices":[88.34,106.46,84.71,91.97,86.7,101.52,97.42,110.97,82.74,101.42,87.57,107.82]},{"duration":4,"tweenEasing":0,"vertices":[91.09,108.96,86.66,93.87,88.02,101.74,101.3,115.14,82.15,108.58,86.47,114.65]},{"duration":2,"tweenEasing":0,"vertices":[104.69,120.41,80.56,115.82,84.02,123.64,116,128.54,92.05,118.33,99.97,126.9]},{"tweenEasing":0,"vertices":[112.54,102.26,92.66,128.47,97.17,135.69,121.63,117.56,104.43,126.23,114.47,137.97]},{"tweenEasing":0,"vertices":[120.97,107.24,103.51,134.49,112.99,139.42,128.94,122.18,113.67,109.23,118.47,126.11]},{"duration":2,"tweenEasing":0,"vertices":[129.39,112.21,111.56,116.22,112.32,133.44,136.25,126.79,121.3,114.63,123.87,130.45]},{"duration":4,"tweenEasing":0,"vertices":[132.6,140.3,128,119.6,115.85,134.6,134.15,136.1,136.8,118.3,131.45,137.7]},{"duration":3,"tweenEasing":0,"vertices":[122.32,171.53,135.15,131.21,129.33,143.21,124.57,169.12,130.06,148.63,129.36,145.72]},{"duration":3,"tweenEasing":0,"vertices":[112.31,225.46,117.98,194.78,117.39,193.93,112.28,221.15,114.6,209.79,114.9,206.34]},{"duration":2,"tweenEasing":0,"vertices":[110.69,249.84,112.2,220.48,112.15,216.92,105.9,241.37,112.95,233.24,108.17,230.94]},{"vertices":[108.44,259.16,112.45,232.18,109.96,226.5,103.24,249.79,110.7,246.18,106.3,239.96]}]},{"name":"book_final_go/cr_light","slot":"cr_light11","frame":[{"duration":3,"tweenEasing":0},{"duration":4,"tweenEasing":0,"vertices":[-39.42,104.68,-20.72,63.1,-22.48,60.9,-35.95,99.75,-30.3,83.52,-28.93,77.77]},{"duration":4,"tweenEasing":0,"vertices":[-35.55,147.25,-41.45,126.2,-44.95,121.8,-33.8,165.8,-42.9,138.85,-60.65,159.15]},{"tweenEasing":0,"vertices":[-14.78,164.03,-40.46,157.77,-47.88,177.31,-12.1,179.3,-27.85,164.06,-32.45,177.03]},{"duration":3,"tweenEasing":0,"vertices":[-0.93,175.22,-30.56,173.32,-29.88,189.01,2.36,188.3,-13.76,177.16,-13.65,188.95]},{"duration":4,"tweenEasing":0,"vertices":[14.65,187.8,-17.3,182.43,-9.63,202.18,18.64,198.43,2.52,187.45,7.5,202.37]},{"duration":3,"tweenEasing":0,"vertices":[57.62,214.2,42.43,219.52,42.89,237.34,63.06,228.95,48.76,218.7,51.24,232.82]},{"tweenEasing":0,"vertices":[97.52,238.71,45.68,227.4,50.44,243.47,104.31,257.28,78.93,236.38,84.82,256.01]},{"duration":2,"tweenEasing":0,"vertices":[109.8,246.25,75.65,244.4,81.2,262.55,117,266,95.15,239.6,95.15,263.15]},{"duration":15,"vertices":[109.8,246.25,93.85,253.45,100.2,275.75,117,266,103.15,245.3,109.6,271.4]},{"duration":10,"tweenEasing":0},{"duration":11,"tweenEasing":0,"vertices":[-39.42,104.68,-20.72,63.1,-22.48,60.9,-35.95,99.75,-30.3,83.52,-28.93,77.77]},{"duration":5,"tweenEasing":0,"vertices":[-35.55,147.25,-41.45,126.2,-44.95,121.8,-33.8,165.8,-42.9,138.85,-60.65,159.15]},{"duration":5,"tweenEasing":0,"vertices":[-14.78,164.03,-40.46,157.77,-47.88,177.31,-12.1,179.3,-27.85,164.06,-32.45,177.03]},{"duration":5,"tweenEasing":0,"vertices":[-0.93,175.22,-30.56,173.32,-29.88,189.01,2.36,188.3,-13.76,177.16,-13.65,188.95]},{"duration":7,"tweenEasing":0,"vertices":[14.65,187.8,-17.3,182.43,-9.63,202.18,18.64,198.43,2.52,187.45,7.5,202.37]},{"duration":5,"tweenEasing":0,"vertices":[97.52,238.71,45.68,227.4,50.44,243.47,104.31,257.28,78.93,236.38,84.82,256.01]},{"duration":2,"vertices":[109.8,246.25,75.65,244.4,81.2,262.55,117,266,95.15,239.6,95.15,263.15]}]}]}],"defaultActions":[{"gotoAndPlay":"animtion0"}],"canvas":{"width":341,"height":511}}]}