{"frameRate":30,"isGlobal":0,"armature":[{"bone":[{"name":"ball_root","transform":{}},{"length":250,"transform":{"y":1},"parent":"ball_root","name":"b_root"},{"transform":{"y":-385,"x":1},"name":"b_blickIK","parent":"ball_root"},{"length":133,"transform":{"scY":0.95,"y":-8.5,"scX":0.95,"x":7.55},"parent":"b_root","name":"b_magiccircle"},{"length":292,"transform":{"y":-1,"skX":-89.8512,"skY":-89.8512},"parent":"b_root","name":"b_blick"},{"length":78,"transform":{"scY":1.45,"skX":-0.7345,"skY":-0.7345,"scX":1.45,"x":6},"parent":"b_root","name":"b_flamewhite"},{"length":230,"transform":{"y":-1},"parent":"b_root","name":"b_inner_glow1"},{"length":163,"transform":{},"parent":"b_root","name":"b_spiral"},{"length":113,"transform":{"scY":1.35,"y":-1,"scX":1.35},"parent":"b_root","name":"b_centerglow"},{"length":230,"transform":{"y":-1},"parent":"b_root","name":"b_inner_glow"},{"length":163,"transform":{},"parent":"b_root","name":"b_spiral1"}],"ik":[{"bone":"b_blick","name":"bone_ik","target":"b_blickIK"}],"type":"Armature","frameRate":30,"animation":[{"playTimes":0,"bone":[{"rotateFrame":[],"scaleFrame":[],"name":"ball_root","translateFrame":[]},{"rotateFrame":[{"tweenEasing":0,"duration":45},{"tweenEasing":0,"duration":45,"rotate":-179},{"duration":0,"rotate":8.2104}],"scaleFrame":[{"curve":[0.5,0,0.5,1],"duration":9},{"y":0.83,"tweenEasing":0,"duration":3,"x":0.83},{"y":1.43,"tweenEasing":0,"duration":11,"x":1.43},{"y":0.7,"curve":[0.5,0,0.5,1],"duration":22,"x":0.7},{"curve":[0.5,0,0.5,1],"duration":24},{"y":1.15,"curve":[0.5,0,0.5,1],"duration":21,"x":1.15},{"duration":0}],"name":"b_spiral","translateFrame":[]},{"rotateFrame":[{"tweenEasing":0,"duration":90},{"duration":0,"rotate":180}],"scaleFrame":[],"name":"b_inner_glow","translateFrame":[]},{"rotateFrame":[{"tweenEasing":0,"duration":90},{"duration":0,"rotate":-26}],"scaleFrame":[],"name":"b_inner_glow1","translateFrame":[]},{"rotateFrame":[{"tweenEasing":0,"duration":23},{"tweenEasing":0,"duration":47,"rotate":-4},{"tweenEasing":0,"duration":20,"rotate":4},{"duration":0}],"scaleFrame":[{"curve":[0.5,0,0.5,1],"duration":23},{"y":1.15,"curve":[0.5,0,0.5,1],"duration":22,"x":1.15},{"curve":[0.5,0,0.5,1],"duration":25},{"y":1.15,"curve":[0.5,0,0.5,1],"duration":20,"x":1.15},{"duration":0}],"name":"b_root","translateFrame":[]},{"rotateFrame":[],"scaleFrame":[],"name":"b_blick","translateFrame":[]},{"rotateFrame":[],"scaleFrame":[],"name":"b_blickIK","translateFrame":[]},{"rotateFrame":[{"tweenEasing":0,"duration":45,"rotate":0.7345},{"tweenEasing":0,"duration":45,"rotate":180.7345},{"duration":0,"rotate":-0.2655}],"scaleFrame":[{"curve":[0.5,0,0.5,1],"duration":45},{"y":1.1724,"curve":[0.5,0,0.5,1],"duration":45,"x":1.1724},{"duration":0}],"name":"b_flamewhite","translateFrame":[]},{"rotateFrame":[{"tweenEasing":0,"duration":45},{"tweenEasing":0,"duration":45,"rotate":180},{"duration":0,"rotate":-1}],"scaleFrame":[{"curve":[0.5,0,0.5,1],"duration":5},{"y":0.8519,"curve":[0.5,0,0.5,1],"duration":7,"x":0.8519},{"y":1.2593,"curve":[0.5,0,0.5,1],"duration":13,"x":1.2593},{"curve":[0.5,0,0.5,1],"duration":65},{"duration":0}],"name":"b_centerglow","translateFrame":[]},{"rotateFrame":[{"tweenEasing":0,"duration":90},{"duration":0,"rotate":180}],"scaleFrame":[{"y":0.8947,"curve":[0.5,0,0.5,1],"duration":22,"x":0.8947},{"y":0.8947,"curve":[0.5,0,0.5,1],"duration":23,"x":0.8947},{"y":0.8947,"curve":[0.5,0,0.5,1],"duration":22,"x":0.8947},{"y":0.8947,"curve":[0.5,0,0.5,1],"duration":23,"x":0.8947},{"y":0.8947,"duration":0,"x":0.8947}],"name":"b_magiccircle","translateFrame":[]},{"rotateFrame":[],"scaleFrame":[],"name":"b_spiral1","translateFrame":[]}],"slot":[{"colorFrame":[],"displayFrame":[],"name":"b_ball_back"},{"colorFrame":[],"displayFrame":[],"name":"b_spiral"},{"colorFrame":[],"displayFrame":[],"name":"b_ball_front"},{"colorFrame":[],"displayFrame":[],"name":"b_blick"},{"colorFrame":[],"displayFrame":[],"name":"b_stand"},{"colorFrame":[],"displayFrame":[],"name":"b_flamewhite"},{"colorFrame":[{"duration":90}],"displayFrame":[{"value":7,"duration":2},{"value":8,"duration":2},{"value":9,"duration":3},{"value":5,"duration":2},{"value":10,"duration":2},{"value":4,"duration":2},{"value":11,"duration":2},{"value":3,"duration":2},{"value":12,"duration":3},{"value":2,"duration":2},{"value":13,"duration":2},{"value":1,"duration":2},{"value":14,"duration":2},{"duration":3},{"value":7,"duration":2},{"value":8,"duration":2},{"value":9,"duration":2},{"value":5,"duration":2},{"value":10,"duration":3},{"value":4,"duration":2},{"value":11,"duration":2},{"value":3,"duration":2},{"value":12,"duration":2},{"value":2,"duration":2},{"value":13,"duration":3},{"value":1,"duration":2},{"value":14,"duration":2},{"duration":2},{"value":7,"duration":2},{"value":8,"duration":3},{"value":9,"duration":2},{"value":5,"duration":2},{"value":10,"duration":2},{"value":4,"duration":2},{"value":11,"duration":2},{"value":3,"duration":3},{"value":12,"duration":2},{"value":2,"duration":2},{"value":13,"duration":2},{"value":1,"duration":2},{"value":14,"duration":3},{"duration":0}],"name":"sun_14"},{"colorFrame":[{"tweenEasing":0,"color":{"bM":0,"gM":63,"aM":0},"duration":30},{"tweenEasing":0,"color":{"bM":0,"gM":63},"duration":34},{"tweenEasing":0,"color":{"bM":0,"gM":63},"duration":26},{"color":{"bM":0,"gM":63,"aM":0},"duration":0}],"displayFrame":[{"value":7,"duration":2},{"value":8,"duration":2},{"value":9,"duration":3},{"value":5,"duration":2},{"value":10,"duration":2},{"value":4,"duration":2},{"value":11,"duration":2},{"value":3,"duration":2},{"value":12,"duration":3},{"value":2,"duration":2},{"value":13,"duration":2},{"value":1,"duration":2},{"value":14,"duration":2},{"duration":3},{"value":7,"duration":2},{"value":8,"duration":2},{"value":9,"duration":2},{"value":5,"duration":2},{"value":10,"duration":3},{"value":4,"duration":2},{"value":11,"duration":2},{"value":3,"duration":2},{"value":12,"duration":2},{"value":2,"duration":2},{"value":13,"duration":3},{"value":1,"duration":2},{"value":14,"duration":2},{"duration":2},{"value":7,"duration":2},{"value":8,"duration":3},{"value":9,"duration":2},{"value":5,"duration":2},{"value":10,"duration":2},{"value":4,"duration":2},{"value":11,"duration":2},{"value":3,"duration":3},{"value":12,"duration":2},{"value":2,"duration":2},{"value":13,"duration":2},{"value":1,"duration":2},{"value":14,"duration":3},{"duration":0}],"name":"sun_141"},{"colorFrame":[],"displayFrame":[],"name":"b_centerglow"},{"colorFrame":[{"tweenEasing":0,"color":{"bM":0,"gM":38,"aM":0},"duration":22},{"tweenEasing":0,"color":{"bM":0,"gM":38},"duration":45},{"tweenEasing":0,"color":{"bM":0,"gM":38},"duration":23},{"color":{"bM":0,"gM":38,"aM":0},"duration":0}],"displayFrame":[],"name":"b_magiccircle"},{"colorFrame":[],"displayFrame":[{"value":-1,"duration":90}],"name":"b_spiral1"}],"ffd":[],"frame":[],"ik":[],"name":"ball_cycle","duration":90},{"playTimes":0,"bone":[{"rotateFrame":[],"scaleFrame":[],"name":"ball_root","translateFrame":[]},{"rotateFrame":[{"tweenEasing":0,"duration":15},{"duration":0,"rotate":-59.6667}],"scaleFrame":[{"curve":[0.5,0,0.5,1],"duration":10},{"y":1.32,"curve":[0.5,0,0.5,1],"duration":5,"x":1.32},{"duration":0}],"name":"b_spiral","translateFrame":[]},{"rotateFrame":[{"tweenEasing":0,"duration":15},{"duration":0,"rotate":30}],"scaleFrame":[],"name":"b_inner_glow","translateFrame":[]},{"rotateFrame":[{"tweenEasing":0,"duration":15},{"duration":0,"rotate":-4.3333}],"scaleFrame":[],"name":"b_inner_glow1","translateFrame":[]},{"rotateFrame":[{"curve":[0.5,0,0.5,1],"duration":5},{"curve":[0.5,0,0.5,1],"duration":5,"rotate":-10},{"curve":[0.5,0,0.5,1],"duration":3,"rotate":11.91},{"curve":[0.5,0,0.5,1],"duration":2,"rotate":-8.32},{"duration":0}],"scaleFrame":[],"name":"b_root","translateFrame":[{"curve":[0.5,0,0.5,1],"duration":5},{"y":27,"curve":[0.5,0,0.5,1],"duration":5},{"y":-5,"curve":[0.5,0,0.5,1],"duration":5},{"duration":0}]},{"rotateFrame":[],"scaleFrame":[],"name":"b_blick","translateFrame":[]},{"rotateFrame":[],"scaleFrame":[],"name":"b_blickIK","translateFrame":[]},{"rotateFrame":[],"scaleFrame":[],"name":"b_flamewhite","translateFrame":[]},{"rotateFrame":[{"tweenEasing":0,"duration":15},{"duration":0,"rotate":60}],"scaleFrame":[{"y":0.6296,"curve":[0.5,0,0.5,1],"duration":10,"x":0.6296},{"curve":[0.5,0,0.5,1],"duration":5},{"y":0.6296,"duration":0,"x":0.6296}],"name":"b_centerglow","translateFrame":[]},{"rotateFrame":[{"tweenEasing":0,"duration":15},{"duration":0,"rotate":30}],"scaleFrame":[{"y":0.8947,"curve":[0.5,0,0.5,1],"duration":15,"x":0.8947},{"y":1.2632,"duration":0,"x":1.2632}],"name":"b_magiccircle","translateFrame":[{"duration":15},{"duration":0}]},{"rotateFrame":[],"scaleFrame":[],"name":"b_spiral1","translateFrame":[]}],"slot":[{"colorFrame":[],"displayFrame":[],"name":"b_ball_back"},{"colorFrame":[],"displayFrame":[],"name":"b_spiral"},{"colorFrame":[],"displayFrame":[],"name":"b_ball_front"},{"colorFrame":[],"displayFrame":[],"name":"b_blick"},{"colorFrame":[],"displayFrame":[],"name":"b_stand"},{"colorFrame":[],"displayFrame":[{"value":-1,"duration":15}],"name":"b_flamewhite"},{"colorFrame":[{"tweenEasing":0,"color":{"aM":0},"duration":8},{"duration":7}],"displayFrame":[{"value":13,"duration":2},{"value":1,"duration":2},{"value":14,"duration":2},{"duration":3},{"value":7,"duration":2},{"value":8,"duration":2},{"value":9,"duration":2},{"value":5,"duration":0}],"name":"sun_14"},{"colorFrame":[{"tweenEasing":0,"color":{"bM":0,"gM":63,"aM":0},"duration":15},{"color":{"bM":0,"gM":63},"duration":0}],"displayFrame":[{"value":7,"duration":2},{"value":8,"duration":2},{"value":9,"duration":3},{"value":5,"duration":2},{"value":10,"duration":2},{"value":4,"duration":2},{"value":11,"duration":2},{"value":3,"duration":0}],"name":"sun_141"},{"colorFrame":[],"displayFrame":[],"name":"b_centerglow"},{"colorFrame":[{"tweenEasing":0,"color":{"bM":0,"gM":38,"aM":0},"duration":10},{"tweenEasing":0,"color":{"bM":0,"gM":38,"aM":69},"duration":5},{"color":{"bM":0,"gM":38,"aM":0},"duration":0}],"displayFrame":[],"name":"b_magiccircle"},{"colorFrame":[],"displayFrame":[{"value":-1,"duration":15}],"name":"b_spiral1"}],"ffd":[],"frame":[],"ik":[],"name":"ball_stop","duration":15},{"playTimes":0,"bone":[{"rotateFrame":[],"scaleFrame":[],"name":"ball_root","translateFrame":[]},{"rotateFrame":[{"curve":[0.5,0,0.5,1],"duration":20},{"curve":[0.5,0,0.5,1],"duration":50,"rotate":3},{"curve":[0.5,0,0.5,1],"duration":20,"rotate":-3},{"duration":0}],"scaleFrame":[],"name":"b_root","translateFrame":[{"y":-1,"curve":[0.5,0,0.5,1],"duration":22},{"curve":[0.5,0,0.5,1],"duration":23},{"y":-2,"curve":[0.5,0,0.5,1],"duration":22},{"curve":[0.5,0,0.5,1],"duration":23},{"y":-1,"duration":0}]},{"rotateFrame":[],"scaleFrame":[],"name":"b_blickIK","translateFrame":[]},{"rotateFrame":[],"scaleFrame":[],"name":"b_magiccircle","translateFrame":[]},{"rotateFrame":[],"scaleFrame":[],"name":"b_blick","translateFrame":[]},{"rotateFrame":[],"scaleFrame":[],"name":"b_flamewhite","translateFrame":[]},{"rotateFrame":[],"scaleFrame":[],"name":"b_inner_glow1","translateFrame":[]},{"rotateFrame":[{"tweenEasing":0,"duration":90},{"duration":0,"rotate":-179}],"scaleFrame":[{"curve":[0.5,0,0.5,1],"duration":45},{"y":1.15,"curve":[0.5,0,0.5,1],"duration":45,"x":1.15},{"duration":0}],"name":"b_spiral","translateFrame":[]},{"rotateFrame":[],"scaleFrame":[],"name":"b_centerglow","translateFrame":[]},{"rotateFrame":[],"scaleFrame":[],"name":"b_inner_glow","translateFrame":[]},{"rotateFrame":[{"tweenEasing":0,"duration":90,"rotate":-179},{"duration":0,"rotate":2}],"scaleFrame":[{"curve":[0.5,0,0.5,1],"duration":45},{"y":1.2,"curve":[0.5,0,0.5,1],"duration":45,"x":1.2},{"duration":0}],"name":"b_spiral1","translateFrame":[]}],"slot":[{"colorFrame":[],"displayFrame":[{"value":-1,"duration":90}],"name":"b_centerglow"},{"colorFrame":[],"displayFrame":[{"value":-1,"duration":90}],"name":"b_magiccircle"},{"colorFrame":[],"displayFrame":[],"name":"b_ball_back"},{"colorFrame":[],"displayFrame":[{"value":-1,"duration":90}],"name":"b_flamewhite"},{"colorFrame":[{"curve":[0.5,0,0.5,1],"color":{"aM":0},"duration":45},{"curve":[0.5,0,0.5,1],"duration":45},{"duration":0}],"displayFrame":[],"name":"b_spiral"},{"colorFrame":[],"displayFrame":[],"name":"b_ball_front"},{"colorFrame":[],"displayFrame":[],"name":"b_blick"},{"colorFrame":[],"displayFrame":[{"value":-1,"duration":90}],"name":"sun_141"},{"colorFrame":[],"displayFrame":[{"value":-1,"duration":90}],"name":"sun_14"},{"colorFrame":[],"displayFrame":[],"name":"b_stand"},{"colorFrame":[],"displayFrame":[],"name":"b_spiral1"}],"ffd":[],"frame":[],"ik":[],"name":"ball_chill","duration":90}],"skin":[{"slot":[{"display":[{"path":"sun_00/sun_14","type":"image","name":"sun_00/sun_14","transform":{"y":-0.5,"x":2.5}},{"path":"sun_00/sun_12","type":"image","name":"sun_00/sun_12","transform":{"y":-0.5,"x":2}},{"path":"sun_00/sun_10","type":"image","name":"sun_00/sun_10","transform":{"y":1,"x":2}},{"path":"sun_00/sun_08","type":"image","name":"sun_00/sun_08","transform":{"x":1.5}},{"path":"sun_00/sun_06","type":"image","name":"sun_00/sun_06","transform":{"x":-0.5}},{"path":"sun_00/sun_04","type":"image","name":"sun_00/sun_04","transform":{"y":15.5,"x":1.5}},{"path":"sun_00/sun_02","type":"image","name":"sun_00/sun_02","transform":{"y":3.5,"x":1.5}},{"path":"sun_00/sun_00","type":"image","name":"sun_00/sun_00","transform":{"y":1,"x":1.5}},{"path":"sun_00/sun_01","type":"image","name":"sun_00/sun_01","transform":{"y":1.5,"x":1.5}},{"path":"sun_00/sun_03","type":"image","name":"sun_00/sun_03","transform":{"y":8,"x":1.5}},{"path":"sun_00/sun_05","type":"image","name":"sun_00/sun_05","transform":{}},{"path":"sun_00/sun_07","type":"image","name":"sun_00/sun_07","transform":{"y":-0.5,"x":1}},{"path":"sun_00/sun_09","type":"image","name":"sun_00/sun_09","transform":{"y":0.5,"x":2.5}},{"path":"sun_00/sun_11","type":"image","name":"sun_00/sun_11","transform":{"y":1.5,"x":1.5}},{"path":"sun_00/sun_13","type":"image","name":"sun_00/sun_13","transform":{"y":-0.5,"x":3.5}}],"blendMode":"add","name":"sun_141"},{"display":[{"path":"sun_icons02/b_stand","type":"image","name":"sun_icons02/b_stand","transform":{"y":104.5,"x":0.5}}],"name":"b_stand"},{"display":[{"path":"sun_icons02/b_blick","type":"image","name":"sun_icons02/b_blick","transform":{"y":3.5,"skX":90,"skY":90,"x":0.5}}],"blendMode":"add","name":"b_blick"},{"display":[{"path":"sun_icons02/b_ball_front","type":"image","name":"sun_icons02/b_ball_front","transform":{"y":-0.5,"x":3}}],"name":"b_ball_front"},{"display":[{"path":"sun_icons02/b_centerglow","type":"image","name":"sun_icons02/b_centerglow","transform":{"y":1.875,"x":-1.925}}],"blendMode":"add","name":"b_centerglow"},{"display":[{"path":"sun_icons02/b_spiral","type":"image","name":"sun_icons02/b_spiral","transform":{"y":3.5,"x":1.5}}],"name":"b_spiral"},{"display":[{"path":"sun_icons02/b_flamewhite","type":"image","name":"sun_icons02/b_flamewhite","transform":{"y":1.0704,"skX":0.7345,"skY":0.7345,"x":-3.9278}}],"blendMode":"add","name":"b_flamewhite"},{"display":[{"path":"sun_icons02/b_ball_back","type":"image","name":"sun_icons02/b_ball_back","transform":{"y":-0.5,"x":3}}],"name":"b_ball_back"},{"display":[{"path":"sun_icons02/b_magiccircle","type":"image","name":"sun_icons02/b_magiccircle","transform":{"y":5.7566,"x":-3.4382}}],"blendMode":"add","name":"b_magiccircle"},{"display":[{"path":"sun_icons02/b_spiral","type":"image","name":"sun_icons02/b_spiral","transform":{"y":3.5,"x":1.5}}],"name":"b_spiral1"},{"display":[{"path":"sun_00/sun_14","type":"image","name":"sun_00/sun_14","transform":{"y":-0.5,"x":2.5}},{"path":"sun_00/sun_12","type":"image","name":"sun_00/sun_12","transform":{"y":-0.5,"x":2}},{"path":"sun_00/sun_10","type":"image","name":"sun_00/sun_10","transform":{"y":1,"x":2}},{"path":"sun_00/sun_08","type":"image","name":"sun_00/sun_08","transform":{"x":1.5}},{"path":"sun_00/sun_06","type":"image","name":"sun_00/sun_06","transform":{"x":-0.5}},{"path":"sun_00/sun_04","type":"image","name":"sun_00/sun_04","transform":{"y":15.5,"x":1.5}},{"path":"sun_00/sun_02","type":"image","name":"sun_00/sun_02","transform":{"y":3.5,"x":1.5}},{"path":"sun_00/sun_00","type":"image","name":"sun_00/sun_00","transform":{"y":1,"x":1.5}},{"path":"sun_00/sun_01","type":"image","name":"sun_00/sun_01","transform":{"y":1.5,"x":1.5}},{"path":"sun_00/sun_03","type":"image","name":"sun_00/sun_03","transform":{"y":8,"x":1.5}},{"path":"sun_00/sun_05","type":"image","name":"sun_00/sun_05","transform":{}},{"path":"sun_00/sun_07","type":"image","name":"sun_00/sun_07","transform":{"y":-0.5,"x":1}},{"path":"sun_00/sun_09","type":"image","name":"sun_00/sun_09","transform":{"y":0.5,"x":2.5}},{"path":"sun_00/sun_11","type":"image","name":"sun_00/sun_11","transform":{"y":1.5,"x":1.5}},{"path":"sun_00/sun_13","type":"image","name":"sun_00/sun_13","transform":{"y":-0.5,"x":3.5}}],"blendMode":"add","name":"sun_14"}],"name":""}],"aabb":{"width":288,"y":-145.03124999999997,"height":286,"x":-139.71625},"defaultActions":[{"gotoAndPlay":"ball_cycle"}],"name":"ball_Armature","canvas":{"width":341,"y":0,"height":511,"x":0},"slot":[{"blendMode":"add","parent":"b_centerglow","name":"b_centerglow","color":{"bM":0,"gM":18}},{"blendMode":"add","z":1,"parent":"b_magiccircle","name":"b_magiccircle","color":{"bM":0,"gM":38}},{"z":2,"name":"b_ball_back","parent":"b_root","color":{}},{"blendMode":"add","z":3,"parent":"b_flamewhite","name":"b_flamewhite","color":{"bM":0,"gM":19}},{"z":4,"name":"b_spiral1","parent":"b_spiral1","color":{}},{"z":5,"name":"b_spiral","parent":"b_spiral","color":{}},{"z":6,"name":"b_ball_front","parent":"b_root","color":{}},{"blendMode":"add","z":7,"parent":"b_blick","name":"b_blick","color":{}},{"blendMode":"add","displayIndex":7,"z":8,"parent":"b_inner_glow1","name":"sun_141","color":{}},{"blendMode":"add","displayIndex":7,"z":9,"parent":"b_inner_glow","name":"sun_14","color":{}},{"z":10,"name":"b_stand","parent":"b_root","color":{}}]}],"name":"sunball","version":"5.5"}