{"width":2048,"imagePath":"sunball_tex.png","height":1024,"name":"sunball","SubTexture":[{"frameHeight":248,"y":540,"frameX":0,"width":245,"frameY":-1,"height":247,"name":"sun_icons02/b_centerglow","frameWidth":245,"x":1},{"frameHeight":286,"y":1,"frameX":-12,"width":266,"frameY":-7,"height":279,"name":"sun_icons02/b_magiccircle","frameWidth":288,"x":1},{"width":236,"y":456,"height":222,"name":"sun_icons02/b_ball_back","x":1463},{"width":192,"y":680,"height":206,"name":"sun_icons02/b_flamewhite","x":1467},{"width":257,"y":282,"height":256,"name":"sun_icons02/b_spiral","x":1},{"width":236,"y":1,"height":222,"name":"sun_icons02/b_ball_front","x":1704},{"width":235,"y":225,"height":220,"name":"sun_icons02/b_blick","x":1708},{"width":243,"y":768,"height":226,"name":"sun_00/sun_11","x":1222},{"width":243,"y":540,"height":226,"name":"sun_00/sun_01","x":1218},{"width":242,"y":789,"height":228,"name":"sun_00/sun_07","x":488},{"width":243,"y":671,"height":198,"name":"sun_00/sun_04","x":1701},{"width":241,"y":540,"height":228,"name":"sun_00/sun_09","x":731},{"width":240,"y":540,"height":229,"name":"sun_00/sun_05","x":489},{"width":243,"y":789,"height":227,"name":"sun_00/sun_08","x":732},{"width":242,"y":540,"height":227,"name":"sun_00/sun_10","x":974},{"width":243,"y":456,"height":213,"name":"sun_00/sun_03","x":1701},{"width":239,"y":1,"height":229,"name":"sun_00/sun_06","x":1463},{"width":242,"y":789,"height":230,"name":"sun_00/sun_12","x":1},{"width":243,"y":789,"height":227,"name":"sun_00/sun_00","x":977},{"width":239,"y":540,"height":230,"name":"sun_00/sun_13","x":248},{"width":241,"y":789,"height":230,"name":"sun_00/sun_14","x":245},{"width":243,"y":232,"height":222,"name":"sun_00/sun_02","x":1463},{"width":147,"y":888,"height":40,"name":"sun_icons02/b_stand","x":1467}]}