{"width":1024,"imagePath":"sun_tex.png","height":1024,"name":"sun","SubTexture":[{"width":245,"y":268,"height":248,"name":"sun_icons/b_centerglow","x":1},{"width":272,"y":211,"height":258,"name":"sun_icons/b_bacl","x":321},{"width":237,"y":471,"height":209,"name":"sun_icons/b_fire","x":248},{"width":244,"y":275,"height":230,"name":"sun_icons/b_ball","x":595},{"width":147,"y":944,"height":40,"name":"sun_icons/b_stand","x":135},{"width":318,"y":1,"height":265,"name":"sun_icons/b_outerglow","x":1},{"width":125,"y":275,"height":220,"name":"sun_icons/b_flash2","x":841},{"width":111,"y":726,"height":216,"name":"sun_icons/b_flash3","x":135},{"width":132,"y":726,"height":220,"name":"sun_icons/b_flash1","x":1},{"width":192,"y":518,"height":206,"name":"sun_icons/b_flamewhite","x":1},{"frameHeight":286,"y":1,"frameX":-14,"width":266,"frameY":-14,"height":272,"name":"sun_icons/b_magiccircle","frameWidth":288,"x":676},{"width":368,"y":682,"height":123,"name":"sun_icons/b_clowd","x":248},{"width":353,"y":1,"height":208,"name":"sun_icons/b_sparcles2","x":321}]}