{"width":1024,"imagePath":"wild_tex.png","height":1024,"name":"wild","SubTexture":[{"width":224,"y":762,"height":209,"name":"wild_animate/w_v_back","x":694},{"width":224,"y":513,"height":209,"name":"wild_animate/w_b_back","x":252},{"width":224,"y":762,"height":237,"name":"wild_animate/w_v_body","x":468},{"width":224,"y":762,"height":237,"name":"wild_animate/w_b_body","x":242},{"width":288,"y":1,"height":510,"name":"wild_animate/w_border_big","x":1},{"width":238,"y":513,"height":181,"name":"wild_animate/w_v_coat","x":718},{"width":238,"y":513,"height":181,"name":"wild_animate/w_b_coat","x":478},{"frameHeight":137,"y":359,"frameX":-9,"width":233,"frameY":-9,"height":123,"name":"wild_animate/w_v_coat_small","frameWidth":252,"x":658},{"frameHeight":137,"y":225,"frameX":-9,"width":233,"frameY":0,"height":132,"name":"wild_animate/w_b_coat_small","frameWidth":252,"x":658},{"width":239,"y":762,"height":253,"name":"wild_animate/w_b_neck","x":1},{"width":206,"y":1,"height":125,"name":"wild_animate/w_v_neck","x":486},{"width":92,"y":973,"height":32,"name":"wild_animate/w_b_eyes","x":694},{"width":92,"y":454,"height":32,"name":"wild_animate/w_v_eyes","x":893},{"width":191,"y":225,"height":222,"name":"wild_animate/w_v_head","x":291},{"width":193,"y":1,"height":222,"name":"wild_animate/w_b_head","x":291},{"width":94,"y":155,"height":124,"name":"wild_animate/w_b_card","x":893},{"width":113,"y":1,"height":140,"name":"wild_animate/w_v_card","x":694},{"frameHeight":82,"y":371,"frameX":-11,"width":83,"frameY":0,"height":81,"name":"wild_animate/flamewhite","frameWidth":100,"x":893},{"frameHeight":192,"y":225,"frameX":-3,"width":172,"frameY":0,"height":192,"name":"wild_animate/w_v_card_glow","frameWidth":194,"x":484},{"width":125,"y":1,"height":152,"name":"wild_animate/w_v_card_flame","x":893},{"width":97,"y":856,"height":158,"name":"wild_animate/w_b_hand","x":920},{"width":97,"y":696,"height":158,"name":"wild_animate/w_v_hand","x":920},{"width":249,"y":513,"height":247,"name":"wild_animate/w_border_small","x":1},{"width":154,"y":128,"height":71,"name":"wild_animate/w_v_eyes_glow","x":486},{"width":164,"y":419,"height":83,"name":"wild_animate/cr_light","x":484},{"width":119,"y":281,"height":88,"name":"wild_animate/w_x2","x":893}]}