{"width":1024,"imagePath":"scatter_tex.png","height":1024,"name":"scatter","SubTexture":[{"width":288,"y":1,"height":286,"name":"book_final_go/b_magiccircle","x":708},{"width":367,"y":1,"height":328,"name":"book_final_go/b_Frame2","x":1},{"width":336,"y":1,"height":297,"name":"book_final_go/b_book","x":370},{"width":164,"y":331,"height":83,"name":"book_final_go/cr_light","x":1},{"width":47,"y":370,"height":28,"name":"book_final_go/b_gems2","x":961},{"width":33,"y":400,"height":28,"name":"book_final_go/b_gems1","x":961},{"width":99,"y":466,"height":83,"name":"book_final_go/b_s","x":898},{"width":234,"y":300,"height":164,"name":"book_final_go/b_s_glow","x":725},{"width":171,"y":466,"height":156,"name":"book_final_go/b_s_glow_round","x":725},{"width":353,"y":300,"height":208,"name":"book_final_go/b_sparcles2","x":370},{"width":38,"y":325,"height":43,"name":"book_final_go/b_bookmark","x":961},{"width":51,"y":289,"height":34,"name":"book_final_go/b_bookmarkblocker","x":961}]}