{"frameRate":30,"isGlobal":0,"armature":[{"bone":[{"name":"owl_root","transform":{}},{"length":203,"transform":{},"parent":"owl_root","name":"owl_sun"},{"length":111,"transform":{"y":-4.4,"skX":-141.009,"skY":-141.009,"x":-8},"parent":"owl_root","name":"owl_root_roo"},{"length":212,"transform":{},"parent":"owl_root","name":"owl_body"},{"length":73,"transform":{"y":98.05,"x":2.1},"parent":"owl_root","name":"owl_text"},{"length":116,"transform":{"y":-1.6433,"skX":139.662,"skY":139.662,"x":-10.2078},"parent":"owl_root_roo","name":"owl_glow"},{"length":135,"transform":{"y":-0.9106,"skX":140.3098,"skY":140.3098,"x":-10.3223},"parent":"owl_root_roo","name":"owl_lightning"},{"length":90,"transform":{"skX":-90,"skY":-90,"x":222.05},"parent":"owl_body","name":"owl_body3D"},{"length":161,"transform":{"y":1.6137,"skX":141.009,"skY":141.009,"x":-8.9864},"parent":"owl_root_roo","name":"owl_border"},{"length":112,"transform":{"y":-213.6,"skX":51.2209,"skY":51.2209,"x":4.85},"parent":"owl_body3D","name":"owl_brows_r"},{"length":113,"transform":{"y":-230.05,"skX":-51.009,"skY":-51.009,"x":4.4},"parent":"owl_body3D","name":"owl_brows_l"}],"type":"Armature","frameRate":30,"animation":[{"playTimes":0,"bone":[{"rotateFrame":[{"curve":[0.5,0,0.5,1],"duration":23},{"curve":[0.5,0,0.5,1],"duration":44,"rotate":-4},{"curve":[0.5,0,0.5,1],"duration":23,"rotate":4},{"duration":0}],"scaleFrame":[{"curve":[0.5,0,0.5,1],"duration":23},{"y":1.15,"curve":[0.5,0,0.5,1],"duration":22,"x":1.15},{"curve":[0.5,0,0.5,1],"duration":22},{"y":1.15,"curve":[0.5,0,0.5,1],"duration":23,"x":1.15},{"duration":0}],"name":"owl_root","translateFrame":[]},{"rotateFrame":[{"duration":5},{"curve":[0.5,0,0.5,1],"duration":8},{"curve":[0.5,0,0.5,1],"duration":32,"rotate":-7.0009},{"curve":[0.5,0,0.5,1],"duration":30,"rotate":-7.0009},{"duration":15}],"scaleFrame":[],"name":"owl_brows_r","translateFrame":[{"duration":5},{"curve":[0.5,0,0.5,1],"duration":8},{"curve":[0.5,0,0.5,1],"duration":12,"x":-8},{"curve":[0.5,0,0.5,1],"duration":50,"x":-8},{"duration":15}]},{"rotateFrame":[{"duration":5},{"curve":[0.5,0,0.5,1],"duration":8},{"curve":[0.5,0,0.5,1],"duration":32,"rotate":4.999},{"curve":[0.5,0,0.5,1],"duration":30,"rotate":4.999},{"duration":15}],"scaleFrame":[],"name":"owl_brows_l","translateFrame":[{"duration":5},{"curve":[0.5,0,0.5,1],"duration":8},{"curve":[0.5,0,0.5,1],"duration":12,"x":-7},{"curve":[0.5,0,0.5,1],"duration":50,"x":-7},{"duration":15}]},{"rotateFrame":[],"scaleFrame":[],"name":"owl_root_roo","translateFrame":[]},{"rotateFrame":[],"scaleFrame":[],"name":"owl_border","translateFrame":[]},{"rotateFrame":[{"duration":4,"rotate":-139.662},{"duration":4,"rotate":-59.662},{"duration":3,"rotate":12.338},{"duration":5,"rotate":4.338},{"duration":4,"rotate":-107.662},{"duration":4,"rotate":-131.662},{"duration":4,"rotate":-35.662},{"duration":4,"rotate":-83.662},{"duration":2,"rotate":-75.662},{"duration":2,"rotate":-27.662},{"duration":3,"rotate":-67.662},{"duration":5,"rotate":-99.662},{"duration":4,"rotate":-51.662},{"duration":8,"rotate":-43.662},{"duration":4,"rotate":-91.662},{"duration":4,"rotate":-19.662},{"duration":4,"rotate":-11.662},{"duration":5,"rotate":-3.662},{"duration":5,"rotate":-115.662},{"duration":2,"rotate":-123.662},{"duration":4,"rotate":20.338},{"duration":6,"rotate":28.338},{"duration":0,"rotate":40.338}],"scaleFrame":[{"tweenEasing":0,"duration":8},{"y":0.88,"tweenEasing":0,"duration":4,"x":0.88},{"y":1.1,"tweenEasing":0,"duration":33,"x":1.1},{"y":0.9,"tweenEasing":0,"duration":24,"x":0.9},{"tweenEasing":0,"duration":21},{"duration":0}],"name":"owl_glow","translateFrame":[]},{"rotateFrame":[],"scaleFrame":[],"name":"owl_lightning","translateFrame":[]},{"rotateFrame":[{"tweenEasing":0,"duration":90},{"duration":0,"rotate":90}],"scaleFrame":[{"y":0.5,"curve":[0.5,0,0.5,1],"duration":5,"x":0.5},{"y":0.5,"curve":[0.5,0,0.5,1],"duration":7,"x":0.5},{"y":1.25,"curve":[0.5,0,0.5,1],"duration":13,"x":1.25},{"curve":[0.5,0,0.5,1],"duration":18},{"curve":[0.5,0,0.5,1],"duration":17},{"y":1.15,"curve":[0.5,0,0.5,1],"duration":20,"x":1.15},{"curve":[0.5,0,0.5,1],"duration":10},{"y":0.5,"duration":0,"x":0.5}],"name":"owl_sun","translateFrame":[]},{"rotateFrame":[],"scaleFrame":[{"duration":7},{"curve":[0.5,0,0.5,1],"duration":5},{"y":1.1,"curve":[0.5,0,0.5,1],"duration":78,"x":1.1},{"duration":0}],"name":"owl_body","translateFrame":[{"curve":[0.5,0,0.5,1],"duration":7},{"y":5,"curve":[0.5,0,0.5,1],"duration":5},{"y":-8,"curve":[0.5,0,0.5,1],"duration":18},{"y":5,"curve":[0.5,0,0.5,1],"duration":30},{"curve":[0.5,0,0.5,1],"duration":30},{"duration":0}]},{"rotateFrame":[],"scaleFrame":[],"name":"owl_body3D","translateFrame":[{"duration":5},{"curve":[0.5,0,0.5,1],"duration":8},{"y":-9.7554,"curve":[0.5,0,0.5,1],"duration":8},{"y":5.9154,"curve":[0.5,0,0.5,1],"duration":14},{"curve":[0.5,0,0.5,1],"duration":35},{"y":-7,"curve":[0.5,0,0.5,1],"duration":20},{"duration":0}]},{"rotateFrame":[],"scaleFrame":[{"duration":5},{"curve":[0.5,0,0.5,1],"duration":7},{"y":1.15,"curve":[0.5,0,0.5,1],"duration":38,"x":1.15},{"y":0.93,"curve":[0.5,0,0.5,1],"duration":40,"x":0.93},{"duration":0}],"name":"owl_text","translateFrame":[{"duration":5},{"curve":[0.5,0,0.5,1],"duration":7},{"y":-3,"curve":[0.5,0,0.5,1],"duration":38},{"y":3.46,"curve":[0.5,0,0.5,1],"duration":40},{"duration":0}]}],"slot":[{"colorFrame":[],"displayFrame":[],"name":"owl_lightning"},{"colorFrame":[],"displayFrame":[],"name":"owl_glow"},{"colorFrame":[],"displayFrame":[],"name":"owl_animate/owl_frame_back"},{"colorFrame":[],"displayFrame":[],"name":"owl_frame_back"},{"colorFrame":[],"displayFrame":[],"name":"owl_eyes"},{"colorFrame":[],"displayFrame":[],"name":"owl_body"},{"colorFrame":[],"displayFrame":[],"name":"owl_beak"},{"colorFrame":[],"displayFrame":[],"name":"owl_brows_l"},{"colorFrame":[],"displayFrame":[],"name":"owl_brows_r"},{"colorFrame":[],"displayFrame":[],"name":"owl_text"},{"colorFrame":[],"displayFrame":[{"value":5,"duration":4},{"value":4,"duration":4},{"value":6,"duration":4},{"value":3,"duration":4},{"value":7,"duration":4},{"value":2,"duration":4},{"value":8,"duration":4},{"value":1,"duration":4},{"value":9,"duration":4},{"duration":4},{"value":5,"duration":4},{"value":4,"duration":4},{"value":6,"duration":4},{"value":3,"duration":4},{"value":7,"duration":4},{"value":2,"duration":4},{"value":8,"duration":4},{"value":1,"duration":4},{"value":9,"duration":4},{"duration":4},{"value":5,"duration":4},{"value":4,"duration":6}],"name":"sunl9"}],"ffd":[],"ik":[],"frame":[],"name":"owl_anim","duration":90}],"ik":[],"defaultActions":[{"gotoAndPlay":"owl_anim"}],"aabb":{"width":288.5896172641719,"y":-145.26018626899332,"height":296,"x":-140.5},"slot":[{"name":"sunl9","parent":"owl_sun","color":{}},{"z":1,"name":"owl_lightning","parent":"owl_lightning","color":{}},{"blendMode":"add","z":2,"parent":"owl_glow","name":"owl_glow","color":{}},{"z":3,"name":"owl_animate/owl_frame_back","parent":"owl_border","color":{}},{"z":4,"displayIndex":-1,"name":"owl_frame_back","parent":"owl_root","color":{}},{"z":5,"name":"owl_eyes","parent":"owl_body","color":{}},{"z":6,"name":"owl_body","parent":"owl_body","color":{}},{"z":7,"name":"owl_beak","parent":"owl_body3D","color":{}},{"z":8,"name":"owl_brows_l","parent":"owl_brows_l","color":{}},{"z":9,"name":"owl_brows_r","parent":"owl_brows_r","color":{}},{"z":10,"name":"owl_text","parent":"owl_text","color":{}}],"name":"owl_arm","skin":[{"slot":[{"display":[{"vertices":[-23,-91.5,28.3,-91.5,66.25,-75.2,92.05,-44.6,101,-15.4,101,26.5,94.6,52.6,65.4,78.95,39.35,91.5,-28.65,91.5,-62.1,81.5,-91.85,55.4,-101,27.95,-101,-10.85,-91.55,-55.05,-61.5,-83.1,-88.2,-9.6,-71.3,-44.95,-45.45,-62.7,-12.15,-68.8,21.4,-67.9,52.2,-57.75,82.15,-9.4,81.7,20.75,71.8,48.9,34,68.7,11.25,46.4,-20.9,46.65,-42.05,69.15,-67.95,50.7,-81.45,27.3,69.75,-32.8,65.05,-19.95,70.65,-5.55,67.5,18.05,47.5,29.3,23.4,26.6,10.35,6.6,14.4,-11.2,40.5,-24.45,58.05,-31,-58.95,-28.5,-73.35,-7.6,-69.3,21.45,-48.35,30.65,-22.7,26.4,-15.05,7.25,-18.65,-7.35,-38.45,-22.65,-64.35,-6.15,-53.15,-19.25,-38.15,-17.4,-21.8,-3.65,-20.85,7.1,-26.3,18.15,-46.45,22.55,-61.85,12.25,18.75,7.7,28.6,19.75,46.7,21.75,61.65,-4.6,57.45,-14.9,41.55,-19.9,19.55,-4.9,60.9,11.15],"edges":[0,1,1,2,2,3,3,4,4,5,5,6,6,7,7,8,8,9,9,10,10,11,11,12,12,13,13,14,14,15,15,0],"uvs":[0.38614,0,0.6401,0,0.82797,0.08907,0.95569,0.25628,1,0.41585,1,0.64481,0.96832,0.78743,0.82376,0.93142,0.6948,1,0.35817,1,0.19257,0.94536,0.0453,0.80273,0,0.65273,0,0.44071,0.04678,0.19918,0.19554,0.0459,0.06337,0.44754,0.14703,0.25437,0.275,0.15738,0.43985,0.12404,0.60594,0.12896,0.75842,0.18443,0.90668,0.44863,0.90446,0.61339,0.85545,0.76721,0.66832,0.87541,0.55569,0.75355,0.39653,0.75492,0.29183,0.87787,0.16361,0.77705,0.09678,0.64918,0.8453,0.32077,0.82203,0.39098,0.84975,0.46967,0.83416,0.59863,0.73515,0.66011,0.61584,0.64536,0.55124,0.53607,0.57129,0.4388,0.7005,0.36639,0.78738,0.3306,0.20817,0.34426,0.13688,0.45847,0.15693,0.61721,0.26064,0.66749,0.38762,0.64426,0.4255,0.53962,0.40767,0.45984,0.30965,0.37623,0.18144,0.46639,0.23688,0.39481,0.31114,0.40492,0.39208,0.48005,0.39678,0.5388,0.3698,0.59918,0.27005,0.62322,0.19381,0.56694,0.59282,0.54208,0.64158,0.60792,0.73119,0.61885,0.8052,0.47486,0.78441,0.41858,0.70569,0.39126,0.59678,0.47322,0.80149,0.56093],"bonePose":[7,6.123233995736766e-17,-1,1,6.123233995736766e-17,222.05,0,3,1,0,0,1,0,0],"path":"owl_animate/owl_body","triangles":[23,24,6,23,6,5,22,23,5,3,31,4,31,22,4,22,5,4,22,33,23,2,21,3,24,7,6,21,31,3,64,34,33,32,33,22,31,32,22,34,24,23,33,34,23,61,60,32,40,32,31,21,40,31,32,60,33,60,64,33,25,7,24,35,25,24,34,35,24,64,59,34,59,35,34,1,21,2,40,61,32,25,8,7,21,39,40,61,62,60,59,64,60,62,59,60,62,63,59,63,58,59,1,20,21,62,61,40,39,62,40,63,57,58,26,25,35,36,26,35,20,39,21,58,36,35,58,35,59,20,38,39,39,38,62,38,63,62,25,9,8,19,38,20,26,9,25,57,36,58,19,20,1,0,19,1,27,9,26,19,47,38,57,37,36,37,26,36,45,26,37,37,57,63,48,47,19,38,37,63,46,45,37,45,27,26,47,37,38,47,46,37,28,9,27,48,51,47,54,45,46,53,54,46,47,52,46,52,53,46,0,18,19,18,48,19,45,44,27,51,52,47,55,54,53,55,53,52,51,55,52,44,28,27,54,55,45,55,44,45,15,18,0,49,56,51,56,55,51,18,41,48,44,29,28,28,10,9,17,41,18,50,49,51,50,51,48,41,50,48,29,10,28,15,17,18,43,44,55,56,43,55,43,29,44,14,17,15,41,49,50,43,30,29,29,11,10,49,42,56,17,16,41,16,42,41,42,49,41,42,43,56,16,30,42,42,30,43,14,16,17,30,11,29,14,13,16,16,12,30,13,12,16,12,11,30],"type":"mesh","transform":{"y":-2,"x":3},"slotPose":[1,0,0,1,3,-2],"userEdges":[],"width":202,"height":183,"name":"owl_animate/owl_body","weights":[1,3,1,1,3,1,1,3,1,1,3,1,1,3,1,1,3,1,1,3,1,1,3,1,1,3,1,1,3,1,1,3,1,1,3,1,1,3,1,1,3,1,1,3,1,1,3,1,1,7,1,1,7,1,1,7,1,1,7,1,1,7,1,1,7,1,1,7,1,1,7,1,1,7,1,2,7,0.39,3,0.61,2,7,0.39,3,0.61,2,7,0.39,3,0.61,2,7,0.39,3,0.61,1,7,1,1,7,1,1,7,1,1,7,1,1,7,1,1,7,1,1,7,1,1,7,1,1,7,1,1,7,1,1,7,1,1,7,1,1,7,1,1,7,1,1,7,1,1,7,1,1,7,1,1,7,1,1,7,1,1,7,1,2,7,0.23,3,0.77,2,7,0.23,3,0.77,2,7,0.23,3,0.77,2,7,0.23,3,0.77,2,7,0.23,3,0.77,2,7,0.23,3,0.77,2,7,0.23,3,0.77,2,7,0.23,3,0.77,2,7,0.23,3,0.77,2,7,0.23,3,0.77,2,7,0.23,3,0.77,2,7,0.23,3,0.77,2,7,0.23,3,0.77,2,7,0.23,3,0.77,2,7,0.23,3,0.77,2,7,0.23,3,0.77]}],"name":"owl_body"},{"display":[{"path":"owl_animate/owl_eyes","type":"image","name":"owl_animate/owl_eyes","transform":{"y":-2.5,"x":0.5}}],"name":"owl_eyes"},{"display":[{"path":"owl_animate/owl_text","type":"image","name":"owl_animate/owl_text","transform":{"y":-10.55,"x":-0.1}}],"name":"owl_text"},{"display":[{"path":"owl_animate/owl_brows_r","type":"image","name":"owl_animate/owl_brows_r","transform":{"y":0.1876,"skX":38.7791,"skY":38.7791,"x":56.355}}],"name":"owl_brows_r"},{"display":[{"path":"owl_animate/owl_lightning","type":"image","name":"owl_animate/owl_lightning","transform":{"skX":0.6992,"skY":0.6992,"x":5.14}}],"name":"owl_lightning"},{"display":[{"path":"sunl9","type":"image","name":"sunl9","transform":{}},{"path":"sunl7","type":"image","name":"sunl7","transform":{}},{"path":"sunl5","type":"image","name":"sunl5","transform":{}},{"path":"sunl3","type":"image","name":"sunl3","transform":{}},{"path":"sunl1","type":"image","name":"sunl1","transform":{}},{"path":"sunl0","type":"image","name":"sunl0","transform":{}},{"path":"sunl2","type":"image","name":"sunl2","transform":{}},{"path":"sunl4","type":"image","name":"sunl4","transform":{}},{"path":"sunl6","type":"image","name":"sunl6","transform":{}},{"path":"sunl8","type":"image","name":"sunl8","transform":{}}],"name":"sunl9"},{"display":[{"path":"owl_animate/owl_frame_back","type":"image","name":"owl_animate/owl_frame_back","transform":{"y":-7}}],"name":"owl_animate/owl_frame_back"},{"display":[{"path":"owl_animate/owl_glow","type":"image","name":"owl_animate/owl_glow","transform":{"y":-6.3664,"skX":1.347,"skY":1.347,"x":-2.7511}}],"blendMode":"add","name":"owl_glow"},{"display":[{"path":"owl_animate/owl_brows_l","type":"image","name":"owl_animate/owl_brows_l","transform":{"y":0.2998,"skX":141.009,"skY":141.009,"x":56.2096}}],"name":"owl_brows_l"},{"display":[{"path":"owl_animate/owl_beak","type":"image","name":"owl_animate/owl_beak","transform":{"y":-221.55,"skX":90,"skY":90,"x":-33.5}}],"name":"owl_beak"}],"name":""}]}],"name":"owl","version":"5.5"}