{"width":2048,"imagePath":"owl_tex.png","height":1024,"name":"owl","SubTexture":[{"width":283,"y":583,"height":282,"name":"sunl8","x":1},{"width":281,"y":1,"height":278,"name":"sunl3","x":573},{"width":282,"y":1,"height":275,"name":"sunl5","x":856},{"width":279,"y":281,"height":278,"name":"sunl2","x":850},{"width":283,"y":299,"height":282,"name":"sunl7","x":1},{"width":279,"y":283,"height":281,"name":"sunl0","x":569},{"width":282,"y":581,"height":279,"name":"sunl6","x":286},{"width":281,"y":1,"height":280,"name":"sunl9","x":290},{"width":278,"y":566,"height":279,"name":"sunl1","x":570},{"width":281,"y":299,"height":280,"name":"sunl4","x":286},{"width":287,"y":1,"height":296,"name":"owl_animate/owl_lightning","x":1},{"width":244,"y":561,"height":253,"name":"owl_animate/owl_glow","x":850},{"width":218,"y":561,"height":219,"name":"owl_animate/owl_frame_back","x":1096},{"width":153,"y":816,"height":72,"name":"owl_animate/owl_eyes","x":850},{"width":202,"y":782,"height":183,"name":"owl_animate/owl_body","x":1096},{"width":33,"y":816,"height":56,"name":"owl_animate/owl_beak","x":1005},{"width":103,"y":890,"height":93,"name":"owl_animate/owl_brows_l","x":845},{"width":105,"y":847,"height":93,"name":"owl_animate/owl_brows_r","x":738},{"width":166,"y":847,"height":66,"name":"owl_animate/owl_text","x":570}]}