{"frameRate":30,"name":"sunball","version":"5.5","compatibleVersion":"5.5","armature":[{"type":"Armature","frameRate":30,"name":"ball_Armature","aabb":{"x":-135.15,"y":-149.5,"width":283.1,"height":300.18},"bone":[{"name":"ball_root"},{"length":250,"name":"b_root","parent":"ball_root","transform":{"y":1}},{"name":"b_blickIK","parent":"ball_root","transform":{"x":1,"y":-385}},{"length":233,"name":"sunl","parent":"b_root","transform":{"x":0.9524,"y":-1}},{"length":163,"name":"b_spiral","parent":"b_root"},{"length":113,"name":"b_centerglow","parent":"b_root","transform":{"y":-1,"scX":1.35,"scY":1.35}},{"length":163,"name":"b_spiral1","parent":"b_root"},{"length":233,"name":"sunl1","parent":"b_root","transform":{"x":-0.05,"y":-0.43,"skX":112,"skY":112,"scX":1.1,"scY":1.1}},{"length":292,"name":"b_blick","parent":"b_root","transform":{"y":-1,"skX":-89.8512,"skY":-89.8512}}],"slot":[{"blendMode":"add","name":"b_centerglow","parent":"b_centerglow","color":{"gM":18,"bM":0}},{"blendMode":"add","displayIndex":1,"name":"sunl01","parent":"sunl1","color":{"gM":57,"bM":0}},{"name":"b_ball_back","parent":"b_root"},{"name":"b_spiral1","parent":"b_spiral1"},{"displayIndex":-1,"name":"b_spiral","parent":"b_spiral"},{"name":"b_ball_front","parent":"b_root"},{"displayIndex":1,"name":"sunl0","parent":"sunl"},{"blendMode":"add","name":"b_blick","parent":"b_blick"},{"name":"b_stand","parent":"b_root"}],"ik":[{"name":"bone_ik","bone":"b_blick","target":"b_blickIK"}],"skin":[{"slot":[{"name":"b_spiral","display":[{"name":"sun_icons02/b_spiral","transform":{"x":1.5,"y":3.5}}]},{"name":"b_blick","display":[{"name":"sun_icons02/b_blick","transform":{"x":0.5,"y":3.5,"skX":90,"skY":90}}]},{"name":"sunl0","display":[{"name":"sunl05/sunl0","transform":{"x":6.5,"y":-5}},{"name":"sunl05/sunl8","transform":{"x":5.5,"y":-8.5}},{"name":"sunl05/sunl6","transform":{"x":6,"y":-6}},{"name":"sunl05/sunl4","transform":{"x":5.5,"y":-2.5}},{"name":"sunl05/sunl2","transform":{"x":5.5,"y":-6.5}},{"name":"sunl05/sunl1","transform":{"x":5,"y":-7}},{"name":"sunl05/sunl3","transform":{"x":5.5,"y":-2.5}},{"name":"sunl05/sunl5","transform":{"x":6,"y":-4}},{"name":"sunl05/sunl7","transform":{"x":5.5,"y":-8.5}},{"name":"sunl05/sunl9","transform":{"x":5.5,"y":-7.5}}]},{"name":"b_stand","display":[{"name":"sun_icons02/b_stand","transform":{"x":0.5,"y":104.5}}]},{"name":"b_centerglow","display":[{"name":"sun_icons02/b_centerglow","transform":{"x":-1.93,"y":1.88}}]},{"name":"b_ball_front","display":[{"name":"sun_icons02/b_ball_front","transform":{"x":3,"y":-0.5}}]},{"name":"b_spiral1","display":[{"name":"sun_icons02/b_spiral","transform":{"x":1.5,"y":3.5}}]},{"name":"sunl01","display":[{"name":"sunl05/sunl0","transform":{"x":6.5,"y":-5}},{"name":"sunl05/sunl8","transform":{"x":5.5,"y":-8.5}},{"name":"sunl05/sunl6","transform":{"x":6,"y":-6}},{"name":"sunl05/sunl4","transform":{"x":5.5,"y":-2.5}},{"name":"sunl05/sunl2","transform":{"x":5.5,"y":-6.5}},{"name":"sunl05/sunl1","transform":{"x":5,"y":-7}},{"name":"sunl05/sunl3","transform":{"x":5.5,"y":-2.5}},{"name":"sunl05/sunl5","transform":{"x":6,"y":-4}},{"name":"sunl05/sunl7","transform":{"x":5.5,"y":-8.5}},{"name":"sunl05/sunl9","transform":{"x":5.5,"y":-7.5}}]},{"name":"b_ball_back","display":[{"name":"sun_icons02/b_ball_back","transform":{"x":3,"y":-0.5}}]}]}],"animation":[{"duration":90,"playTimes":0,"name":"ball_cycle","bone":[{"name":"b_spiral","rotateFrame":[{"duration":45,"tweenEasing":0},{"duration":45,"tweenEasing":0,"rotate":-179},{"duration":0,"rotate":8.21}],"scaleFrame":[{"duration":9,"curve":[0.5,0,0.5,1]},{"duration":3,"tweenEasing":0,"x":0.83,"y":0.83},{"duration":11,"tweenEasing":0,"x":1.43,"y":1.43},{"duration":22,"curve":[0.5,0,0.5,1],"x":0.7,"y":0.7},{"duration":24,"curve":[0.5,0,0.5,1]},{"duration":21,"curve":[0.5,0,0.5,1],"x":1.15,"y":1.15},{"duration":0}]},{"name":"b_root","rotateFrame":[{"duration":23,"tweenEasing":0},{"duration":47,"tweenEasing":0,"rotate":-4},{"duration":20,"tweenEasing":0,"rotate":4},{"duration":0}],"scaleFrame":[{"duration":23,"curve":[0.5,0,0.5,1]},{"duration":22,"curve":[0.5,0,0.5,1],"x":1.15,"y":1.15},{"duration":25,"curve":[0.5,0,0.5,1]},{"duration":20,"curve":[0.5,0,0.5,1],"x":1.15,"y":1.15},{"duration":0}]},{"name":"b_centerglow","rotateFrame":[{"duration":45,"tweenEasing":0},{"duration":45,"tweenEasing":0,"rotate":180},{"duration":0,"rotate":-1}],"scaleFrame":[{"duration":5,"curve":[0.5,0,0.5,1]},{"duration":7,"curve":[0.5,0,0.5,1],"x":0.85,"y":0.85},{"duration":13,"curve":[0.5,0,0.5,1],"x":1.26,"y":1.26},{"duration":65}]},{"name":"sunl","rotateFrame":[{"duration":90,"tweenEasing":0,"rotate":180},{"duration":0}],"scaleFrame":[{"duration":45,"tweenEasing":0,"x":0.65,"y":0.65},{"x":1.3,"y":1.3},{"duration":44,"tweenEasing":0,"x":0.55,"y":0.55},{"duration":0,"x":1.3,"y":1.3}]},{"name":"sunl1","rotateFrame":[{"duration":90,"tweenEasing":0,"rotate":180},{"duration":0}],"scaleFrame":[{"duration":46,"curve":[0.5,0,0.5,1],"x":0.76,"y":0.76},{"duration":44,"curve":[0.5,0,0.5,1],"x":0.95,"y":0.95},{"duration":0,"x":0.76,"y":0.76}]}],"slot":[{"name":"b_spiral","displayFrame":[{"duration":90}]},{"name":"b_spiral1","displayFrame":[{"duration":90,"value":-1}]},{"name":"sunl0","displayFrame":[{"duration":3},{"duration":2,"value":5},{"duration":2,"value":4},{"duration":2,"value":6},{"duration":3,"value":3},{"duration":2,"value":7},{"duration":2,"value":2},{"duration":2,"value":8},{"duration":3,"value":1},{"duration":2,"value":9},{"duration":2},{"duration":3,"value":5},{"duration":2,"value":4},{"duration":2,"value":6},{"duration":2,"value":3},{"duration":3,"value":7},{"duration":2,"value":2},{"duration":2,"value":8},{"duration":2,"value":1},{"duration":3,"value":9},{"duration":3},{"duration":2,"value":5},{"duration":2,"value":4},{"duration":2,"value":6},{"duration":3,"value":3},{"duration":2,"value":7},{"duration":2,"value":2},{"duration":2,"value":8},{"duration":3,"value":1},{"duration":2,"value":9},{"duration":2},{"duration":3,"value":5},{"duration":2,"value":4},{"duration":2,"value":6},{"duration":2,"value":3},{"duration":3,"value":7},{"duration":2,"value":2},{"duration":2,"value":8},{"duration":2,"value":1},{"value":9}],"colorFrame":[{"duration":10,"curve":[0.5,0,0.5,1],"value":{"aM":0}},{"duration":30,"curve":[0.5,0,0.5,1]},{"duration":5,"curve":[0.5,0,0.5,1]},{"curve":[0.5,0,0.5,1],"value":{"aM":0}},{"duration":10,"curve":[0.5,0,0.5,1],"value":{"aM":0}},{"duration":29,"curve":[0.5,0,0.5,1]},{"duration":5,"curve":[0.5,0,0.5,1]},{"duration":0,"value":{"aM":0}}]},{"name":"sunl01","displayFrame":[{"duration":2,"value":2},{"duration":2,"value":8},{"duration":3,"value":1},{"duration":2,"value":9},{"duration":2},{"duration":3,"value":5},{"duration":2,"value":4},{"duration":2,"value":6},{"duration":2,"value":3},{"duration":3,"value":7},{"duration":2,"value":2},{"duration":2,"value":8},{"duration":2,"value":1},{"duration":3,"value":9},{"duration":3},{"duration":2,"value":5},{"duration":2,"value":4},{"duration":2,"value":6},{"duration":3,"value":3},{"duration":2,"value":7},{"duration":2,"value":2},{"duration":2,"value":8},{"duration":3,"value":1},{"duration":2,"value":9},{"duration":2},{"duration":3,"value":5},{"duration":2,"value":4},{"duration":2,"value":6},{"duration":2,"value":3},{"duration":3,"value":7},{"duration":2,"value":2},{"duration":2,"value":8},{"duration":2,"value":1},{"duration":2,"value":9},{"duration":3},{"duration":2,"value":5},{"duration":2,"value":4},{"duration":2,"value":6},{"duration":3,"value":3},{"value":7}]}]},{"duration":15,"playTimes":0,"name":"ball_stop","bone":[{"name":"b_spiral","rotateFrame":[{"duration":15,"tweenEasing":0},{"duration":0,"rotate":-59.67}],"scaleFrame":[{"duration":10,"curve":[0.5,0,0.5,1]},{"duration":5,"curve":[0.5,0,0.5,1],"x":0.92,"y":0.92},{"duration":0}]},{"name":"b_root","translateFrame":[{"duration":5,"curve":[0.5,0,0.5,1]},{"duration":5,"curve":[0.5,0,0.5,1],"y":27},{"duration":5,"curve":[0.5,0,0.5,1],"y":-5},{"duration":0}],"rotateFrame":[{"duration":5,"curve":[0.5,0,0.5,1]},{"duration":5,"curve":[0.5,0,0.5,1],"rotate":-10},{"duration":3,"curve":[0.5,0,0.5,1],"rotate":11.91},{"duration":2,"curve":[0.5,0,0.5,1],"rotate":-8.32},{"duration":0}]},{"name":"b_centerglow","rotateFrame":[{"duration":15,"tweenEasing":0},{"duration":0,"rotate":60}],"scaleFrame":[{"duration":10,"curve":[0.5,0,0.5,1],"x":0.63,"y":0.63},{"duration":5,"curve":[0.5,0,0.5,1]},{"duration":0,"x":0.63,"y":0.63}]},{"name":"sunl","scaleFrame":[{"duration":15,"tweenEasing":0,"x":0.65,"y":0.65},{"duration":0,"x":1.15,"y":1.15}]}],"slot":[{"name":"b_spiral","displayFrame":[{"duration":15}]},{"name":"b_spiral1","displayFrame":[{"duration":15,"value":-1}]},{"name":"sunl0","displayFrame":[{"duration":2,"value":1},{"duration":2,"value":8},{"duration":2,"value":2},{"duration":2,"value":7},{"duration":2,"value":3},{"duration":2,"value":6},{"duration":2,"value":4},{"value":5}],"colorFrame":[{"duration":10},{"duration":5,"tweenEasing":0},{"duration":0,"value":{"aM":0}}]},{"name":"sunl01","displayFrame":[{"duration":15,"value":-1}]}]},{"duration":90,"playTimes":0,"name":"ball_chill","bone":[{"name":"b_root","translateFrame":[{"duration":22,"curve":[0.5,0,0.5,1],"y":-1},{"duration":23,"curve":[0.5,0,0.5,1]},{"duration":22,"curve":[0.5,0,0.5,1],"y":-2},{"duration":23,"curve":[0.5,0,0.5,1]},{"duration":0,"y":-1}],"rotateFrame":[{"duration":20,"curve":[0.5,0,0.5,1]},{"duration":50,"curve":[0.5,0,0.5,1],"rotate":3},{"duration":20,"curve":[0.5,0,0.5,1],"rotate":-3},{"duration":0}]},{"name":"b_spiral","rotateFrame":[{"duration":90,"tweenEasing":0},{"duration":0,"rotate":-179}],"scaleFrame":[{"duration":45,"curve":[0.5,0,0.5,1]},{"duration":45,"curve":[0.5,0,0.5,1],"x":1.15,"y":1.15},{"duration":0}]},{"name":"b_spiral1","rotateFrame":[{"duration":90,"tweenEasing":0,"rotate":-179},{"duration":0,"rotate":2}],"scaleFrame":[{"duration":45,"curve":[0.5,0,0.5,1]},{"duration":45,"curve":[0.5,0,0.5,1],"x":0.85,"y":0.85},{"duration":0}]}],"slot":[{"name":"b_centerglow","displayFrame":[{"duration":90,"value":-1}]},{"name":"b_spiral","displayFrame":[{"duration":90}],"colorFrame":[{"duration":45,"curve":[0.5,0,0.5,1],"value":{"aM":0}},{"duration":45}]},{"name":"sunl0","displayFrame":[{"duration":90,"value":-1}]},{"name":"sunl01","displayFrame":[{"duration":90,"value":-1}]}]}],"defaultActions":[{"gotoAndPlay":"ball_cycle"}],"canvas":{"width":341,"height":511}}]}