{"width":1024,"imagePath":"sunball_tex.png","height":2048,"name":"sunball","SubTexture":[{"width":245,"y":848,"height":248,"name":"sun_icons02/b_centerglow","x":260},{"width":282,"y":285,"height":279,"name":"sunl05/sunl6","x":1},{"width":282,"y":846,"height":275,"name":"sunl05/sunl5","x":565},{"width":283,"y":1,"height":282,"name":"sunl05/sunl8","x":1},{"width":281,"y":566,"height":278,"name":"sunl05/sunl3","x":1},{"width":278,"y":565,"height":279,"name":"sunl05/sunl1","x":566},{"width":279,"y":285,"height":281,"name":"sunl05/sunl0","x":285},{"width":279,"y":568,"height":278,"name":"sunl05/sunl2","x":284},{"width":281,"y":1,"height":280,"name":"sunl05/sunl9","x":571},{"width":281,"y":283,"height":280,"name":"sunl05/sunl4","x":571},{"width":283,"y":1,"height":282,"name":"sunl05/sunl7","x":286},{"width":236,"y":1104,"height":222,"name":"sun_icons02/b_ball_back","x":1},{"width":257,"y":846,"height":256,"name":"sun_icons02/b_spiral","x":1},{"width":236,"y":1098,"height":222,"name":"sun_icons02/b_ball_front","x":260},{"width":235,"y":1123,"height":220,"name":"sun_icons02/b_blick","x":498},{"width":147,"y":565,"height":40,"name":"sun_icons02/b_stand","x":846}]}