{"frameRate":30,"isGlobal":0,"armature":[{"aabb":{"width":779.6044360035819,"y":-148.6316215991414,"height":288.8503213198555,"x":-169.72944327674062},"bone":[{"name":"rootsun","transform":{}},{"length":307,"transform":{},"parent":"rootsun","name":"sun_center"},{"length":182,"transform":{"scY":0.75,"y":-4.6958,"skX":-1.6034,"skY":-1.6034,"scX":0.7,"x":-1.2823},"parent":"rootsun","name":"b_sparcles2"},{"length":118,"transform":{},"parent":"sun_center","name":"b_centerglow"},{"length":144,"transform":{"scY":0.4,"y":-4.5057,"scX":0.4,"x":1.1571},"parent":"sun_center","name":"b_magiccircle"},{"length":96,"transform":{},"parent":"sun_center","name":"b_flamewhite"},{"length":165,"transform":{"y":0.55},"parent":"sun_center","name":"b_fire"},{"length":154,"transform":{"skX":-178.7381,"skY":-178.7381,"x":1.15},"parent":"sun_center","name":"b_outerglow"},{"length":128,"transform":{"y":-10,"skX":-9.3891,"skY":-9.3891,"x":448},"parent":"sun_center","name":"b_flash11"},{"length":128,"transform":{"y":-10,"skX":-9.3891,"skY":-9.3891,"x":448},"parent":"sun_center","name":"b_flash1"},{"length":144,"transform":{"scY":0.3,"y":-4.5057,"skX":123,"skY":123,"scX":0.3,"x":1.1571},"parent":"sun_center","name":"b_magiccircle1"},{"length":96,"transform":{},"parent":"sun_center","name":"b_flamewhite1"}],"type":"Armature","frameRate":30,"animation":[{"frame":[],"slot":[{"colorFrame":[{"curve":[0.5,0,0.5,1],"duration":22},{"curve":[0.5,0,0.5,1],"color":{"gM":0,"bM":1},"duration":23},{"curve":[0.5,0,0.5,1],"duration":22},{"curve":[0.5,0,0.5,1],"color":{"gM":0,"bM":1},"duration":23},{"duration":0}],"displayFrame":[],"name":"b_bacl"},{"colorFrame":[{"curve":[0.5,0,0.5,1],"duration":25},{"curve":[0.5,0,0.5,1],"color":{"gM":46,"bM":0,"aM":71},"duration":40},{"curve":[0.5,0,0.5,1],"color":{"gM":46,"bM":0,"aM":71},"duration":25},{"duration":0}],"displayFrame":[],"name":"b_fire"},{"colorFrame":[{"curve":[0.5,0,0.5,1],"color":{"gM":74,"bM":0},"duration":8},{"curve":[0.5,0,0.5,1],"duration":67},{"curve":[0.5,0,0.5,1],"color":{"gM":74,"bM":0},"duration":15},{"duration":0}],"displayFrame":[],"name":"b_ball"},{"colorFrame":[],"displayFrame":[],"name":"b_stand"},{"colorFrame":[{"curve":[0.5,0,0.5,1],"duration":10},{"curve":[0.5,0,0.5,1],"color":{"gM":81,"bM":0,"aM":0},"duration":70},{"curve":[0.5,0,0.5,1],"color":{"gM":81,"bM":0,"aM":0},"duration":10},{"duration":0}],"displayFrame":[],"name":"b_outerglow"},{"colorFrame":[{"curve":[0.5,0,0.5,1],"color":{"aM":0},"duration":12},{"curve":[0.5,0,0.5,1],"duration":13},{"curve":[0.5,0,0.5,1],"duration":12},{"color":{"aM":0},"duration":1},{"curve":[0.5,0,0.5,1],"color":{"aM":0},"duration":13},{"curve":[0.5,0,0.5,1],"duration":12},{"curve":[0.5,0,0.5,1],"duration":12},{"color":{"aM":0},"duration":15}],"displayFrame":[{"value":2,"duration":5},{"duration":5},{"value":1,"duration":2},{"duration":8},{"value":2,"duration":5},{"duration":10},{"value":1,"duration":2},{"value":2,"duration":3},{"duration":10},{"value":1,"duration":5},{"value":2,"duration":5},{"duration":5},{"value":1,"duration":5},{"duration":5},{"value":1,"duration":5},{"value":2,"duration":5},{"duration":5}],"name":"b_flash1"},{"colorFrame":[{"curve":[0.5,0,0.5,1],"color":{"gM":69,"bM":0,"aM":0},"duration":15},{"curve":[0.5,0,0.5,1],"color":{"gM":63,"bM":0},"duration":60},{"curve":[0.5,0,0.5,1],"color":{"gM":69,"bM":0},"duration":15},{"color":{"gM":69,"bM":0,"aM":0},"duration":0}],"displayFrame":[],"name":"b_flamewhite"},{"colorFrame":[{"curve":[0.5,0,0.5,1],"color":{"aM":0},"duration":15},{"curve":[0.5,0,0.5,1],"color":{"aM":0},"duration":12},{"curve":[0.5,0,0.5,1],"duration":13},{"curve":[0.5,0,0.5,1],"duration":12},{"color":{"aM":0},"duration":1},{"curve":[0.5,0,0.5,1],"color":{"aM":0},"duration":13},{"curve":[0.5,0,0.5,1],"duration":12},{"curve":[0.5,0,0.5,1],"duration":12},{"color":{"aM":0},"duration":0}],"displayFrame":[{"duration":7},{"value":2,"duration":5},{"duration":5},{"value":1,"duration":2},{"duration":8},{"value":2,"duration":5},{"duration":10},{"value":1,"duration":2},{"value":2,"duration":3},{"duration":3},{"value":1,"duration":5},{"value":2,"duration":5},{"duration":5},{"value":1,"duration":5},{"duration":5},{"value":1,"duration":5},{"value":2,"duration":5},{"duration":5}],"name":"b_flash11"},{"colorFrame":[{"tweenEasing":0,"color":{"aM":0},"duration":10},{"tweenEasing":0,"color":{"gM":53,"bM":0},"duration":10},{"tweenEasing":0,"color":{"gM":53,"bM":0},"duration":10},{"color":{"gM":53,"bM":0,"aM":0},"duration":15},{"tweenEasing":0,"color":{"aM":0},"duration":10},{"tweenEasing":0,"color":{"gM":53,"bM":0},"duration":10},{"tweenEasing":0,"color":{"gM":53,"bM":0},"duration":10},{"color":{"gM":53,"bM":0,"aM":0},"duration":15}],"displayFrame":[],"name":"b_magiccircle"},{"colorFrame":[{"color":{"aM":0},"duration":5},{"tweenEasing":0,"color":{"aM":0},"duration":10},{"tweenEasing":0,"color":{"gM":53,"bM":0},"duration":15},{"tweenEasing":0,"color":{"gM":53,"bM":0},"duration":10},{"color":{"gM":53,"bM":0,"aM":0},"duration":10},{"tweenEasing":0,"color":{"aM":0},"duration":10},{"tweenEasing":0,"color":{"gM":53,"bM":0},"duration":15},{"tweenEasing":0,"color":{"gM":53,"bM":0},"duration":10},{"color":{"gM":53,"bM":0,"aM":0},"duration":5}],"displayFrame":[],"name":"b_magiccircle1"},{"colorFrame":[{"color":{"gM":38,"bM":0},"duration":90}],"displayFrame":[],"name":"b_centerglow"},{"colorFrame":[{"curve":[0.5,0,0.5,1],"color":{"aM":0},"duration":15},{"curve":[0.5,0,0.5,1],"duration":60},{"curve":[0.5,0,0.5,1],"duration":15},{"color":{"aM":0},"duration":0}],"displayFrame":[],"name":"b_sparcles2"},{"colorFrame":[{"color":{"gM":0,"rM":67,"bM":0},"duration":90}],"displayFrame":[],"name":"b_flamewhite1"}],"ffd":[],"playTimes":0,"bone":[{"rotateFrame":[],"scaleFrame":[],"name":"rootsun","translateFrame":[]},{"rotateFrame":[{"curve":[0.5,0,0.5,1],"duration":37},{"duration":1,"rotate":-15.0009},{"curve":[0.5,0,0.5,1],"duration":37,"rotate":-151.0009},{"duration":15,"rotate":-146.6109}],"scaleFrame":[{"y":0.85,"curve":[0.5,0,0.5,1],"duration":37,"x":0.85},{"y":0.75,"duration":1,"x":0.75},{"y":0.85,"curve":[0.5,0,0.5,1],"duration":37,"x":0.85},{"y":0.85,"duration":15,"x":0.85}],"name":"b_flash1","translateFrame":[{"y":10,"duration":90,"x":-448}]},{"rotateFrame":[{"tweenEasing":0,"duration":45},{"tweenEasing":0,"duration":45,"rotate":180},{"duration":0,"rotate":-1}],"scaleFrame":[{"y":0.65,"curve":[0.5,0,0.5,1],"duration":15,"x":0.65},{"y":1.39,"tweenEasing":0,"duration":30,"x":1.39},{"y":1.2,"curve":[0.5,0,0.5,1],"duration":45,"x":1.2},{"duration":0}],"name":"b_flamewhite","translateFrame":[{"tweenEasing":0,"duration":45},{"y":-5.1125,"tweenEasing":0,"duration":45},{"duration":0}]},{"rotateFrame":[{"duration":90}],"scaleFrame":[{"curve":[0.5,0,0.5,1],"duration":8},{"y":0.98,"curve":[0.5,0,0.5,1],"duration":4,"x":0.98},{"y":1.08,"curve":[0.5,0,0.5,1],"duration":18,"x":1.08},{"y":0.98,"curve":[0.5,0,0.5,1],"duration":20,"x":0.98},{"curve":[0.5,0,0.5,1],"duration":20},{"y":0.98,"curve":[0.5,0,0.5,1],"duration":20,"x":0.98},{"duration":0}],"name":"sun_center","translateFrame":[]},{"rotateFrame":[{"tweenEasing":0,"duration":45},{"tweenEasing":0,"duration":45,"rotate":180},{"duration":0,"rotate":-1}],"scaleFrame":[{"curve":[0.5,0,0.5,1],"duration":20},{"y":0.83,"curve":[0.5,0,0.5,1],"duration":50,"x":0.83},{"y":1.1,"curve":[0.5,0,0.5,1],"duration":20,"x":1.1},{"duration":0}],"name":"b_fire","translateFrame":[]},{"rotateFrame":[{"duration":15},{"curve":[0.5,0,0.5,1],"duration":37,"rotate":-76.0009},{"duration":1,"rotate":-46.0009},{"curve":[0.5,0,0.5,1],"duration":37,"rotate":69.3891},{"duration":0,"rotate":112.3891}],"scaleFrame":[{"duration":15},{"y":0.85,"curve":[0.5,0,0.5,1],"duration":37,"x":0.85},{"y":0.75,"duration":1,"x":0.75},{"y":0.85,"curve":[0.5,0,0.5,1],"duration":37,"x":0.85},{"y":0.6,"duration":0,"x":0.6}],"name":"b_flash11","translateFrame":[{"y":10,"tweenEasing":0,"duration":90,"x":-448},{"y":10,"duration":0,"x":-448}]},{"rotateFrame":[{"curve":[0.5,0,0.5,1],"duration":23},{"curve":[0.5,0,0.5,1],"duration":22,"rotate":8.9981},{"curve":[0.5,0,0.5,1],"duration":23},{"curve":[0.5,0,0.5,1],"duration":22,"rotate":8.9981},{"duration":0}],"scaleFrame":[{"curve":[0.5,0,0.5,1],"duration":10},{"y":0.85,"tweenEasing":0,"duration":35,"x":0.85},{"y":0.95,"curve":[0.5,0,0.5,1],"duration":35,"x":0.95},{"y":1.02,"curve":[0.5,0,0.5,1],"duration":5,"x":1.02},{"y":0.91,"tweenEasing":0,"duration":5,"x":0.91},{"duration":0}],"name":"b_outerglow","translateFrame":[]},{"rotateFrame":[{"tweenEasing":0,"duration":30},{"duration":15,"rotate":180},{"tweenEasing":0,"duration":30},{"duration":15,"rotate":180}],"scaleFrame":[{"y":1.375,"tweenEasing":0,"duration":12,"x":1.375},{"y":2.475,"tweenEasing":0,"duration":18,"x":2.475},{"y":2.25,"duration":15,"x":2.25},{"y":1.375,"tweenEasing":0,"duration":30,"x":1.375},{"y":2.25,"duration":15,"x":2.25}],"name":"b_magiccircle","translateFrame":[]},{"rotateFrame":[{"duration":5},{"tweenEasing":0,"duration":35,"rotate":57},{"duration":10,"rotate":-123},{"tweenEasing":0,"duration":35,"rotate":-123},{"duration":5,"rotate":57}],"scaleFrame":[{"duration":5},{"y":2.5,"curve":[0.5,0,0.5,1],"duration":10,"x":2.5},{"y":2.8333,"tweenEasing":0,"duration":25,"x":2.8333},{"y":2.25,"duration":10,"x":2.25},{"y":2.5,"curve":[0.5,0,0.5,1],"duration":35,"x":2.5},{"y":2.25,"duration":5,"x":2.25}],"name":"b_magiccircle1","translateFrame":[]},{"rotateFrame":[{"duration":3},{"curve":[0.5,0,0.5,1],"duration":17},{"curve":[0.5,0,0.5,1],"duration":45,"rotate":-47},{"curve":[0.5,0,0.5,1],"duration":25,"rotate":4},{"duration":0}],"scaleFrame":[{"duration":3},{"y":0.6,"curve":[0.5,0,0.5,1],"duration":9,"x":0.6},{"y":2.1,"curve":[0.5,0,0.5,1],"duration":8,"x":2.1},{"y":1.6,"curve":[0.5,0,0.5,1],"duration":20,"x":1.6},{"y":1.2,"curve":[0.5,0,0.5,1],"duration":25,"x":1.2},{"y":1.6,"curve":[0.5,0,0.5,1],"duration":25,"x":1.6},{"y":0.6,"duration":0,"x":0.6}],"name":"b_centerglow","translateFrame":[]},{"rotateFrame":[],"scaleFrame":[{"curve":[0.5,0,0.5,1],"duration":23},{"y":1.2667,"curve":[0.5,0,0.5,1],"duration":22,"x":1.2667},{"curve":[0.5,0,0.5,1],"duration":23},{"y":1.2667,"curve":[0.5,0,0.5,1],"duration":22,"x":1.2667},{"duration":0}],"name":"b_sparcles2","translateFrame":[]},{"rotateFrame":[{"tweenEasing":0,"duration":90,"rotate":180},{"duration":0,"rotate":-1}],"scaleFrame":[{"curve":[0.5,0,0.5,1],"duration":12},{"y":1.8,"curve":[0.5,0,0.5,1],"duration":18,"x":1.8},{"curve":[0.5,0,0.5,1],"duration":30},{"y":1.8,"curve":[0.5,0,0.5,1],"duration":30,"x":1.8},{"duration":0}],"name":"b_flamewhite1","translateFrame":[{"curve":[0.5,0,0.5,1],"duration":45},{"y":-5.1125,"curve":[0.5,0,0.5,1],"duration":45},{"duration":0}]}],"name":"sun_basic","duration":90,"ik":[]},{"frame":[],"slot":[{"colorFrame":[],"displayFrame":[],"name":"b_centerglow"},{"colorFrame":[],"displayFrame":[],"name":"b_bacl"},{"colorFrame":[],"displayFrame":[],"name":"b_fire"},{"colorFrame":[],"displayFrame":[],"name":"b_ball"},{"colorFrame":[],"displayFrame":[],"name":"b_stand"},{"colorFrame":[],"displayFrame":[],"name":"b_outerglow"},{"colorFrame":[{"tweenEasing":0,"color":{"aM":0},"duration":6},{"duration":9}],"displayFrame":[{"value":1,"duration":3},{"value":2,"duration":3},{"duration":3},{"value":1,"duration":3},{"value":2,"duration":3},{"duration":0}],"name":"b_flash1"},{"colorFrame":[{"curve":[0.5,0,0.5,1],"color":{"gM":69,"bM":0,"aM":0},"duration":8},{"curve":[0.5,0,0.5,1],"color":{"gM":69,"bM":0,"aM":87},"duration":7},{"color":{"gM":69,"bM":0,"aM":0},"duration":0}],"displayFrame":[{"duration":15}],"name":"b_flamewhite"},{"colorFrame":[{"tweenEasing":0,"color":{"aM":0},"duration":3},{"duration":12}],"displayFrame":[{"duration":3},{"value":1,"duration":3},{"value":2,"duration":3},{"duration":3},{"value":1,"duration":3},{"value":2,"duration":0}],"name":"b_flash11"},{"colorFrame":[{"curve":[0.5,0,0.5,1],"color":{"aM":0},"duration":2},{"curve":[0.5,0,0.5,1],"color":{"gM":53,"bM":0},"duration":8},{"color":{"aM":0},"duration":5}],"displayFrame":[],"name":"b_magiccircle"},{"colorFrame":[{"curve":[0.5,0,0.5,1],"color":{"aM":0},"duration":2},{"curve":[0.5,0,0.5,1],"color":{"gM":53,"bM":0},"duration":6},{"curve":[0.5,0,0.5,1],"color":{"gM":53,"bM":0},"duration":4},{"color":{"aM":0},"duration":3}],"displayFrame":[],"name":"b_magiccircle1"},{"colorFrame":[{"tweenEasing":0,"color":{"aM":0},"duration":10},{"tweenEasing":0,"duration":5},{"color":{"aM":0},"duration":0}],"displayFrame":[],"name":"b_sparcles2"},{"colorFrame":[{"curve":[0.5,0,0.5,1],"color":{"gM":69,"bM":0,"aM":0},"duration":8},{"curve":[0.5,0,0.5,1],"color":{"gM":69,"bM":0,"aM":87},"duration":7},{"color":{"gM":69,"bM":0,"aM":0},"duration":0}],"displayFrame":[{"duration":15}],"name":"b_flamewhite1"}],"ffd":[],"playTimes":0,"bone":[{"rotateFrame":[],"scaleFrame":[],"name":"rootsun","translateFrame":[]},{"rotateFrame":[],"scaleFrame":[{"tweenEasing":0,"duration":15},{"y":4.3333,"duration":0,"x":4.3333}],"name":"b_magiccircle1","translateFrame":[]},{"rotateFrame":[{"tweenEasing":0,"duration":4},{"tweenEasing":0,"duration":7,"rotate":10},{"tweenEasing":0,"duration":4,"rotate":-7.36},{"duration":0}],"scaleFrame":[{"tweenEasing":0,"duration":7},{"y":1.05,"tweenEasing":0,"duration":8,"x":1.05},{"duration":0}],"name":"sun_center","translateFrame":[{"tweenEasing":0,"duration":7},{"y":26,"tweenEasing":0,"duration":8},{"duration":0}]},{"rotateFrame":[{"tweenEasing":0,"duration":15},{"duration":0,"rotate":180}],"scaleFrame":[{"tweenEasing":0,"duration":15},{"y":4.3333,"duration":0,"x":4.3333}],"name":"b_magiccircle","translateFrame":[]},{"rotateFrame":[],"scaleFrame":[{"tweenEasing":0,"duration":15},{"y":2.05,"duration":0,"x":2.05}],"name":"b_flamewhite","translateFrame":[]},{"rotateFrame":[],"scaleFrame":[{"curve":[0.5,0,0.5,1],"duration":10},{"y":2.15,"curve":[0.5,0,0.5,1],"duration":5,"x":2.15},{"duration":0}],"name":"b_centerglow","translateFrame":[]},{"rotateFrame":[{"tweenEasing":0,"duration":15,"rotate":23.0034},{"duration":0,"rotate":-4.9966}],"scaleFrame":[{"curve":[0,0,0.5,1],"duration":15},{"y":1.4,"duration":0,"x":1.3974}],"name":"b_sparcles2","translateFrame":[{"curve":[0,0,0.5,1],"duration":15},{"y":41.9958,"duration":0}]},{"rotateFrame":[],"scaleFrame":[],"name":"b_fire","translateFrame":[{"curve":[0.5,0,0.5,1],"duration":8},{"y":24,"curve":[0.5,0,0.5,1],"duration":7},{"duration":0}]},{"rotateFrame":[],"scaleFrame":[],"name":"b_outerglow","translateFrame":[]},{"rotateFrame":[{"tweenEasing":0,"duration":15,"rotate":98.9991},{"duration":0,"rotate":73.9991}],"scaleFrame":[],"name":"b_flash11","translateFrame":[{"y":-123.2809,"tweenEasing":0,"duration":15,"x":-454.5314},{"y":-3.216,"duration":0,"x":-455.6035}]},{"rotateFrame":[{"tweenEasing":0,"duration":15,"rotate":101.9991},{"duration":0,"rotate":117.9991}],"scaleFrame":[],"name":"b_flash1","translateFrame":[{"y":-129.713,"tweenEasing":0,"duration":15,"x":-429.8753},{"y":-23.0408,"duration":0,"x":-452.7773}]},{"rotateFrame":[],"scaleFrame":[{"tweenEasing":0,"duration":15},{"y":2.05,"duration":0,"x":2.05}],"name":"b_flamewhite1","translateFrame":[]}],"name":"sun_show","duration":15,"ik":[]},{"frame":[],"slot":[{"colorFrame":[{"curve":[0.5,0,0.5,1],"duration":22},{"curve":[0.5,0,0.5,1],"color":{"gM":0,"bM":1},"duration":23},{"curve":[0.5,0,0.5,1],"duration":22},{"curve":[0.5,0,0.5,1],"color":{"gM":0,"bM":1},"duration":23},{"duration":0}],"displayFrame":[],"name":"b_bacl"},{"colorFrame":[{"curve":[0.5,0,0.5,1],"duration":20},{"curve":[0.5,0,0.5,1],"color":{"gM":60,"bM":0},"duration":50},{"curve":[0.5,0,0.5,1],"color":{"gM":60,"bM":0},"duration":20},{"duration":0}],"displayFrame":[],"name":"b_fire"},{"colorFrame":[{"curve":[0.5,0,0.5,1],"color":{"gM":74,"bM":0},"duration":8},{"curve":[0.5,0,0.5,1],"duration":67},{"curve":[0.5,0,0.5,1],"color":{"gM":74,"bM":0},"duration":15},{"duration":0}],"displayFrame":[],"name":"b_ball"},{"colorFrame":[],"displayFrame":[],"name":"b_stand"},{"colorFrame":[],"displayFrame":[],"name":"b_outerglow"},{"colorFrame":[],"displayFrame":[{"value":-1,"duration":90}],"name":"b_flash1"},{"colorFrame":[{"color":{"gM":69,"bM":0,"aM":0},"duration":90}],"displayFrame":[{"value":-1,"duration":90}],"name":"b_flamewhite"},{"colorFrame":[],"displayFrame":[{"value":-1,"duration":90}],"name":"b_flash11"},{"colorFrame":[{"tweenEasing":0,"color":{"aM":0},"duration":20},{"tweenEasing":0,"color":{"gM":53,"bM":0},"duration":40},{"tweenEasing":0,"color":{"gM":53,"bM":0},"duration":20},{"color":{"gM":53,"bM":0,"aM":0},"duration":10}],"displayFrame":[],"name":"b_magiccircle"},{"colorFrame":[],"displayFrame":[{"value":-1,"duration":90}],"name":"b_magiccircle1"},{"colorFrame":[],"displayFrame":[],"name":"b_centerglow"},{"colorFrame":[{"curve":[0.5,0,0.5,1],"color":{"aM":0},"duration":15},{"curve":[0.5,0,0.5,1],"duration":60},{"curve":[0.5,0,0.5,1],"duration":15},{"color":{"aM":0},"duration":0}],"displayFrame":[],"name":"b_sparcles2"},{"colorFrame":[],"displayFrame":[],"name":"b_flamewhite1"}],"ffd":[],"playTimes":0,"bone":[{"rotateFrame":[],"scaleFrame":[],"name":"rootsun","translateFrame":[]},{"rotateFrame":[{"curve":[0.5,0,0.5,1],"duration":37},{"duration":1,"rotate":-15.0009},{"curve":[0.5,0,0.5,1],"duration":37,"rotate":-151.0009},{"duration":15,"rotate":-146.6109}],"scaleFrame":[{"y":0.85,"curve":[0.5,0,0.5,1],"duration":37,"x":0.85},{"y":0.75,"duration":1,"x":0.75},{"y":0.85,"curve":[0.5,0,0.5,1],"duration":37,"x":0.85},{"y":0.85,"duration":15,"x":0.85}],"name":"b_flash1","translateFrame":[{"y":10,"duration":90,"x":-448}]},{"rotateFrame":[{"tweenEasing":0,"duration":45},{"tweenEasing":0,"duration":45,"rotate":180},{"duration":0,"rotate":-1}],"scaleFrame":[{"curve":[0.5,0,0.5,1],"duration":45},{"y":1.2,"curve":[0.5,0,0.5,1],"duration":45,"x":1.2},{"duration":0}],"name":"b_flamewhite","translateFrame":[{"tweenEasing":0,"duration":45},{"y":-5.1125,"tweenEasing":0,"duration":45},{"duration":0}]},{"rotateFrame":[{"duration":90}],"scaleFrame":[{"curve":[0.5,0,0.5,1],"duration":45},{"y":1.01,"curve":[0.5,0,0.5,1],"duration":45,"x":1.01},{"duration":0}],"name":"sun_center","translateFrame":[]},{"rotateFrame":[],"scaleFrame":[],"name":"b_fire","translateFrame":[]},{"rotateFrame":[],"scaleFrame":[],"name":"b_flash11","translateFrame":[]},{"rotateFrame":[{"curve":[0.5,0,0.5,1],"duration":44},{"curve":[0.5,0,0.5,1],"duration":46,"rotate":8.9981},{"duration":0}],"scaleFrame":[{"curve":[0.5,0,0.5,1],"duration":90},{"duration":0}],"name":"b_outerglow","translateFrame":[]},{"rotateFrame":[{"tweenEasing":0,"duration":90},{"duration":0,"rotate":180}],"scaleFrame":[{"y":2,"curve":[0.5,0,0.5,1],"duration":46,"x":2},{"y":2.25,"curve":[0.5,0,0.5,1],"duration":44,"x":2.25},{"y":2.35,"duration":0,"x":2.35}],"name":"b_magiccircle","translateFrame":[]},{"rotateFrame":[],"scaleFrame":[],"name":"b_magiccircle1","translateFrame":[]},{"rotateFrame":[{"curve":[0.5,0,0.5,1],"duration":20},{"curve":[0.5,0,0.5,1],"duration":45,"rotate":-47},{"curve":[0.5,0,0.5,1],"duration":25,"rotate":4},{"duration":0}],"scaleFrame":[{"y":0.6,"curve":[0.5,0,0.5,1],"duration":20,"x":0.6},{"y":1.3,"tweenEasing":0,"duration":50,"x":1.3},{"y":1.3,"tweenEasing":0,"duration":20,"x":1.3},{"y":0.6,"duration":0,"x":0.6}],"name":"b_centerglow","translateFrame":[]},{"rotateFrame":[],"scaleFrame":[{"curve":[0.5,0,0.5,1],"duration":45},{"y":1.2667,"curve":[0.5,0,0.5,1],"duration":45,"x":1.2667},{"duration":0}],"name":"b_sparcles2","translateFrame":[]},{"rotateFrame":[{"tweenEasing":0,"duration":90,"rotate":180},{"duration":0,"rotate":-1}],"scaleFrame":[{"curve":[0.5,0,0.5,1],"duration":45},{"y":1.55,"curve":[0.5,0,0.5,1],"duration":45,"x":1.55},{"duration":0}],"name":"b_flamewhite1","translateFrame":[{"curve":[0.5,0,0.5,1],"duration":45},{"y":-5.1125,"curve":[0.5,0,0.5,1],"duration":45},{"duration":0}]}],"name":"sun_idle","duration":90,"ik":[]}],"skin":[{"slot":[{"display":[{"path":"sun_icons/b_magiccircle","type":"image","name":"sun_icons/b_magiccircle","transform":{"y":-2.8149,"x":5.0256}}],"blendMode":"add","name":"b_magiccircle1"},{"display":[{"path":"sun_icons/b_flash1","type":"image","name":"sun_icons/b_flash1","transform":{"y":-0.638,"skX":9.3891,"skY":9.3891,"x":97.2824}},{"path":"sun_icons/b_flash3","type":"image","name":"sun_icons/b_flash3","transform":{"y":-0.383,"skX":9.3891,"skY":9.3891,"x":88.9888}},{"path":"sun_icons/b_flash2","type":"image","name":"sun_icons/b_flash2","transform":{"y":6.2304,"skX":9.3891,"skY":9.3891,"x":77.5221}}],"blendMode":"add","name":"b_flash1"},{"display":[{"path":"sun_icons/b_stand","type":"image","name":"sun_icons/b_stand","transform":{"y":105.5,"x":0.5}}],"name":"b_stand"},{"display":[{"path":"sun_icons/b_flash1","type":"image","name":"sun_icons/b_flash1","transform":{"y":-0.638,"skX":9.3891,"skY":9.3891,"x":97.2824}},{"path":"sun_icons/b_flash3","type":"image","name":"sun_icons/b_flash3","transform":{"y":-0.383,"skX":9.3891,"skY":9.3891,"x":88.9888}},{"path":"sun_icons/b_flash2","type":"image","name":"sun_icons/b_flash2","transform":{"y":6.2304,"skX":9.3891,"skY":9.3891,"x":77.5221}}],"blendMode":"add","name":"b_flash11"},{"display":[{"path":"sun_icons/b_magiccircle","type":"image","name":"sun_icons/b_magiccircle","transform":{"y":-2.8149,"x":5.0256}}],"blendMode":"add","name":"b_magiccircle"},{"display":[{"path":"sun_icons/b_ball","type":"image","name":"sun_icons/b_ball","transform":{"y":4.5,"x":-4}}],"name":"b_ball"},{"display":[{"path":"sun_icons/b_centerglow","type":"image","name":"sun_icons/b_centerglow","transform":{"y":-0.4976,"x":-0.4758}}],"name":"b_centerglow"},{"display":[{"path":"sun_icons/b_flamewhite","type":"image","name":"sun_icons/b_flamewhite","transform":{"scY":1.35,"y":-9.6173,"skX":28.4212,"skY":28.4212,"scX":1.35,"x":0.0879}}],"blendMode":"add","name":"b_flamewhite"},{"display":[{"path":"sun_icons/b_sparcles2","type":"image","name":"sun_icons/b_sparcles2","transform":{"y":-7.7797,"skX":1.6034,"skY":1.6034,"x":11.7418}}],"blendMode":"add","name":"b_sparcles2"},{"display":[{"path":"sun_icons/b_bacl","type":"image","name":"sun_icons/b_bacl","transform":{"y":5.5,"x":4}}],"name":"b_bacl"},{"display":[{"path":"sun_icons/b_flamewhite","type":"image","name":"sun_icons/b_flamewhite","transform":{"scY":1.35,"y":-9.6173,"skX":28.4212,"skY":28.4212,"scX":1.35,"x":0.0879}}],"blendMode":"add","name":"b_flamewhite1"},{"display":[{"path":"sun_icons/b_outerglow","type":"image","name":"sun_icons/b_outerglow","transform":{"y":10.0163,"skX":178.7381,"skY":178.7381,"x":-0.6296}}],"name":"b_outerglow"},{"display":[{"path":"sun_icons/b_fire","type":"image","name":"sun_icons/b_fire","transform":{"y":4.45,"skX":-0.0566,"skY":-0.0566,"x":-1.5}}],"name":"b_fire"}],"name":""}],"slot":[{"name":"b_centerglow","parent":"b_centerglow","color":{"gM":86,"bM":0}},{"blendMode":"add","z":1,"parent":"b_flamewhite1","name":"b_flamewhite1","color":{"gM":31,"bM":0}},{"z":2,"name":"b_bacl","parent":"sun_center","color":{}},{"z":3,"name":"b_fire","parent":"b_fire","color":{}},{"z":4,"name":"b_ball","parent":"sun_center","color":{}},{"z":5,"name":"b_stand","parent":"sun_center","color":{}},{"z":6,"name":"b_outerglow","parent":"b_outerglow","color":{}},{"blendMode":"add","z":7,"parent":"b_flash1","name":"b_flash1","color":{}},{"blendMode":"add","z":8,"parent":"b_flamewhite","name":"b_flamewhite","color":{"gM":69,"bM":0}},{"blendMode":"add","z":9,"parent":"b_flash11","name":"b_flash11","color":{}},{"blendMode":"add","z":10,"parent":"b_magiccircle","name":"b_magiccircle","color":{"gM":53,"bM":0}},{"blendMode":"add","z":11,"parent":"b_magiccircle1","name":"b_magiccircle1","color":{"gM":53,"bM":0}},{"blendMode":"add","z":12,"parent":"b_sparcles2","name":"b_sparcles2","color":{}}],"name":"sun_arm","ik":[],"defaultActions":[{"gotoAndPlay":"sun_basic"}]}],"name":"sun","version":"5.5"}