{"width":1024,"imagePath":"sun_tex.png","height":1024,"name":"sun","SubTexture":[{"width":245,"y":211,"height":248,"name":"sun_icons/b_centerglow","x":611},{"width":192,"y":528,"height":206,"name":"sun_icons/b_flamewhite","x":1},{"width":272,"y":268,"height":258,"name":"sun_icons/b_bacl","x":1},{"width":237,"y":521,"height":209,"name":"sun_icons/b_fire","x":275},{"width":244,"y":289,"height":230,"name":"sun_icons/b_ball","x":275},{"width":147,"y":873,"height":40,"name":"sun_icons/b_stand","x":1},{"width":318,"y":1,"height":265,"name":"sun_icons/b_outerglow","x":1},{"width":132,"y":211,"height":220,"name":"sun_icons/b_flash1","x":858},{"width":111,"y":655,"height":216,"name":"sun_icons/b_flash3","x":858},{"width":125,"y":433,"height":220,"name":"sun_icons/b_flash2","x":858},{"width":288,"y":1,"height":286,"name":"sun_icons/b_magiccircle","x":321},{"width":353,"y":1,"height":208,"name":"sun_icons/b_sparcles2","x":611}]}