{
    "items": [
        {
            "id": "kto44t6y",
            "typeExec": "dragonBones",
            "typeView": "slot-item",
            "name": "book_skatter_01",
            "armatureName": "Armature",
            "animationsNames": [
                "animtion0",
                null,
                null,
                null
            ],
            "files": {
                "dragon-ske": {
                    "path": "files/kto44t6y",
                    "name": "scatter_ske.json",
                    "fileKey": "dragon-ske_kto44t6y"
                },
                "dragon-tex": {
                    "path": "files/kto44t6y",
                    "name": "scatter_tex.json",
                    "fileKey": "dragon-tex_kto44t6y"
                },
                "dragon-img": {
                    "path": "files/kto44t6y",
                    "name": "scatter_tex.png",
                    "fileKey": "dragon-img_kto44t6y"
                }
            }
        },
        {
            "id": "kto4gaex",
            "typeExec": "dragonBones",
            "typeView": "slot-item",
            "name": "book_skatter_02",
            "armatureName": "Armature",
            "animationsNames": [
                "animtion0",
                null,
                null,
                null
            ],
            "files": {
                "dragon-ske": {
                    "path": "files/kto4gaex",
                    "name": "scatter2_ske.json",
                    "fileKey": "dragon-ske_kto4gaex"
                },
                "dragon-tex": {
                    "path": "files/kto4gaex",
                    "name": "scatter2_tex.json",
                    "fileKey": "dragon-tex_kto4gaex"
                },
                "dragon-img": {
                    "path": "files/kto4gaex",
                    "name": "scatter2_tex.png",
                    "fileKey": "dragon-img_kto4gaex"
                }
            }
        },
        {
            "id": "kto4r2aq",
            "typeExec": "dragonBones",
            "typeView": "slot-item",
            "name": "book_skatter_03",
            "armatureName": "Armature",
            "animationsNames": [
                "animtion0",
                null,
                null,
                null
            ],
            "files": {
                "dragon-ske": {
                    "path": "files/kto4r2aq",
                    "name": "scatter_ske.json",
                    "fileKey": "dragon-ske_kto4r2aq"
                },
                "dragon-tex": {
                    "path": "files/kto4r2aq",
                    "name": "scatter_tex.json",
                    "fileKey": "dragon-tex_kto4r2aq"
                },
                "dragon-img": {
                    "path": "files/kto4r2aq",
                    "name": "scatter_tex.png",
                    "fileKey": "dragon-img_kto4r2aq"
                }
            }
        },
        {
            "id": "kto4x48w",
            "typeExec": "dragonBones",
            "typeView": "slot-item",
            "name": "booh_skatter_04",
            "armatureName": "Armature",
            "animationsNames": [
                "scatter_stop",
                "scatter_on",
                null,
                null
            ],
            "files": {
                "dragon-ske": {
                    "path": "files/kto4x48w",
                    "name": "scatter_ske.json",
                    "fileKey": "dragon-ske_kto4x48w"
                },
                "dragon-tex": {
                    "path": "files/kto4x48w",
                    "name": "scatter_tex.json",
                    "fileKey": "dragon-tex_kto4x48w"
                },
                "dragon-img": {
                    "path": "files/kto4x48w",
                    "name": "scatter_tex.png",
                    "fileKey": "dragon-img_kto4x48w"
                }
            }
        },
        {
            "id": "kto54fep",
            "typeExec": "dragonBones",
            "typeView": "slot-item",
            "name": "wizard_wild_01_EFFECTS",
            "armatureName": "wild_arm",
            "animationsNames": [
                "wild_normal_small",
                "wild_normal_big",
                "wild_freespin_small",
                "wild_freespin_big"
            ],
            "files": {
                "dragon-ske": {
                    "path": "files/kto54fep",
                    "name": "wild_ske.json",
                    "fileKey": "dragon-ske_kto54fep"
                },
                "dragon-tex": {
                    "path": "files/kto54fep",
                    "name": "wild_tex.json",
                    "fileKey": "dragon-tex_kto54fep"
                },
                "dragon-img": {
                    "path": "files/kto54fep",
                    "name": "wild_tex.png",
                    "fileKey": "dragon-img_kto54fep"
                }
            }
        },
        {
            "id": "kto5c9uy",
            "typeExec": "dragonBones",
            "typeView": "slot-item",
            "name": "wizard_wild_02",
            "armatureName": "wild_arm",
            "animationsNames": [
                "wild_normal_small",
                "wild_normal_big",
                "wild_freespin_small",
                "wild_freespin_big"
            ],
            "files": {
                "dragon-ske": {
                    "path": "files/kto5c9uy",
                    "name": "wild_ske.json",
                    "fileKey": "dragon-ske_kto5c9uy"
                },
                "dragon-tex": {
                    "path": "files/kto5c9uy",
                    "name": "wild_tex.json",
                    "fileKey": "dragon-tex_kto5c9uy"
                },
                "dragon-img": {
                    "path": "files/kto5c9uy",
                    "name": "wild_tex.png",
                    "fileKey": "dragon-img_kto5c9uy"
                }
            }
        },
        {
            "id": "kto5gm1l",
            "typeExec": "dragonBones",
            "typeView": "slot-item",
            "name": "sphere_bonus_01",
            "armatureName": "sun_arm",
            "animationsNames": [
                "sun_basic",
                null,
                null,
                null
            ],
            "files": {
                "dragon-ske": {
                    "path": "files/kto5gm1l",
                    "name": "sun_ske.json",
                    "fileKey": "dragon-ske_kto5gm1l"
                },
                "dragon-tex": {
                    "path": "files/kto5gm1l",
                    "name": "sun_tex.json",
                    "fileKey": "dragon-tex_kto5gm1l"
                },
                "dragon-img": {
                    "path": "files/kto5gm1l",
                    "name": "sun_tex.png",
                    "fileKey": "dragon-img_kto5gm1l"
                }
            }
        },
        {
            "id": "kto5r9aa",
            "typeExec": "dragonBones",
            "typeView": "slot-item",
            "name": "sphere_bonus_02",
            "armatureName": "sun_arm",
            "animationsNames": [
                "sun_basic",
                "sun_show",
                null,
                null
            ],
            "files": {
                "dragon-ske": {
                    "path": "files/kto5r9aa",
                    "name": "sun_ske.json",
                    "fileKey": "dragon-ske_kto5r9aa"
                },
                "dragon-tex": {
                    "path": "files/kto5r9aa",
                    "name": "sun_tex.json",
                    "fileKey": "dragon-tex_kto5r9aa"
                },
                "dragon-img": {
                    "path": "files/kto5r9aa",
                    "name": "sun_tex.png",
                    "fileKey": "dragon-img_kto5r9aa"
                }
            }
        },
        {
            "id": "kto5vy75",
            "typeExec": "dragonBones",
            "typeView": "slot-item",
            "name": "sphere_bonus_03",
            "armatureName": "sun_arm",
            "animationsNames": [
                "sun_basic",
                "sun_show",
                "sun_idle",
                null
            ],
            "files": {
                "dragon-ske": {
                    "path": "files/kto5vy75",
                    "name": "sun_ske.json",
                    "fileKey": "dragon-ske_kto5vy75"
                },
                "dragon-tex": {
                    "path": "files/kto5vy75",
                    "name": "sun_tex.json",
                    "fileKey": "dragon-tex_kto5vy75"
                },
                "dragon-img": {
                    "path": "files/kto5vy75",
                    "name": "sun_tex.png",
                    "fileKey": "dragon-img_kto5vy75"
                }
            }
        },
        {
            "id": "kto69cea",
            "typeExec": "dragonBones",
            "typeView": "slot-item",
            "name": "sphere_bonus_04",
            "armatureName": "ball_Armature",
            "animationsNames": [
                "ball_stop",
                "ball_chill",
                "ball_cycle",
                null
            ],
            "files": {
                "dragon-ske": {
                    "path": "files/kto69cea",
                    "name": "sunball_ske.json",
                    "fileKey": "dragon-ske_kto69cea"
                },
                "dragon-tex": {
                    "path": "files/kto69cea",
                    "name": "sunball_tex.json",
                    "fileKey": "dragon-tex_kto69cea"
                },
                "dragon-img": {
                    "path": "files/kto69cea",
                    "name": "sunball_tex.png",
                    "fileKey": "dragon-img_kto69cea"
                }
            }
        },
        {
            "id": "kto6h2c9",
            "typeExec": "dragonBones",
            "typeView": "slot-item",
            "name": "free_intro",
            "armatureName": "popup_freespins_arm",
            "animationsNames": [
                "pfs_cycle",
                "pfs_hide",
                "pfs_show",
                null
            ],
            "files": {
                "dragon-ske": {
                    "path": "files/kto6h2c9",
                    "name": "popup_freespin_01_ske.json",
                    "fileKey": "dragon-ske_kto6h2c9"
                },
                "dragon-tex": {
                    "path": "files/kto6h2c9",
                    "name": "popup_freespin_01_tex.json",
                    "fileKey": "dragon-tex_kto6h2c9"
                },
                "dragon-img": {
                    "path": "files/kto6h2c9",
                    "name": "popup_freespin_01_tex.png",
                    "fileKey": "dragon-img_kto6h2c9"
                }
            }
        },
        {
            "id": "kto6lr59",
            "typeExec": "dragonBones",
            "typeView": "slot-item",
            "name": "sphere_bonus_04",
            "armatureName": "ball_Armature",
            "animationsNames": [
                "ball_chill",
                "ball_cycle",
                "ball_stop",
                null
            ],
            "files": {
                "dragon-ske": {
                    "path": "files/kto6lr59",
                    "name": "sunball_ske.json",
                    "fileKey": "dragon-ske_kto6lr59"
                },
                "dragon-tex": {
                    "path": "files/kto6lr59",
                    "name": "sunball_tex.json",
                    "fileKey": "dragon-tex_kto6lr59"
                },
                "dragon-img": {
                    "path": "files/kto6lr59",
                    "name": "sunball_tex.png",
                    "fileKey": "dragon-img_kto6lr59"
                }
            }
        },
        {
            "id": "kto6r916",
            "typeExec": "dragonBones",
            "typeView": "slot-item",
            "name": "owl_jackpot_01",
            "armatureName": "owl_arm",
            "animationsNames": [
                "owl_anim",
                null,
                null,
                null
            ],
            "files": {
                "dragon-ske": {
                    "path": "files/kto6r916",
                    "name": "owl_ske.json",
                    "fileKey": "dragon-ske_kto6r916"
                },
                "dragon-tex": {
                    "path": "files/kto6r916",
                    "name": "owl_tex.json",
                    "fileKey": "dragon-tex_kto6r916"
                },
                "dragon-img": {
                    "path": "files/kto6r916",
                    "name": "owl_tex.png",
                    "fileKey": "dragon-img_kto6r916"
                }
            }
        },
        {
            "id": "kto6uhmq",
            "typeExec": "dragonBones",
            "typeView": "slot-item",
            "name": "sphere_bonus_05",
            "armatureName": "ball_Armature",
            "animationsNames": [
                "ball_chill",
                "ball_cycle",
                "ball_stop",
                null
            ],
            "files": {
                "dragon-ske": {
                    "path": "files/kto6uhmq",
                    "name": "sunball_ske.json",
                    "fileKey": "dragon-ske_kto6uhmq"
                },
                "dragon-tex": {
                    "path": "files/kto6uhmq",
                    "name": "sunball_tex.json",
                    "fileKey": "dragon-tex_kto6uhmq"
                },
                "dragon-img": {
                    "path": "files/kto6uhmq",
                    "name": "sunball_tex.png",
                    "fileKey": "dragon-img_kto6uhmq"
                }
            }
        },
        {
            "id": "ktpuuycq",
            "typeExec": "dragonBones",
            "typeView": "slot-item",
            "name": "test01",
            "armatureName": "sun_arm",
            "animationsNames": [
                "sun_idle",
                "",
                "",
                ""
            ],
            "files": {
                "dragon-ske": {
                    "path": "files/ktpuuycq",
                    "name": "sun_ske.json",
                    "fileKey": "dragon-ske_ktpuuycq"
                },
                "dragon-tex": {
                    "path": "files/ktpuuycq",
                    "name": "sun_tex.json",
                    "fileKey": "dragon-tex_ktpuuycq"
                },
                "dragon-img": {
                    "path": "files/ktpuuycq",
                    "name": "sun_tex.png",
                    "fileKey": "dragon-img_ktpuuycq"
                }
            }
        },
        {
            "id": "ktpwx3a5",
            "typeExec": "dragonBones",
            "typeView": "slot-item",
            "name": "test2",
            "armatureName": "sun_arm",
            "animationsNames": [
                "sun_idle",
                null,
                null,
                null
            ],
            "files": {
                "dragon-ske": {
                    "path": "files/ktpwx3a5",
                    "name": "sun_ske.json",
                    "fileKey": "dragon-ske_ktpwx3a5"
                },
                "dragon-tex": {
                    "path": "files/ktpwx3a5",
                    "name": "sun_tex.json",
                    "fileKey": "dragon-tex_ktpwx3a5"
                },
                "dragon-img": {
                    "path": "files/ktpwx3a5",
                    "name": "sun_tex.png",
                    "fileKey": "dragon-img_ktpwx3a5"
                }
            }
        },
        {
            "id": "ktpxcowt",
            "typeExec": "dragonBones",
            "typeView": "slot-item",
            "name": "ttt3",
            "armatureName": "sun_arm",
            "animationsNames": [
                "aaa1",
                null,
                null,
                null
            ],
            "files": {
                "dragon-ske": {
                    "path": "files/ktpxcowt",
                    "name": "sun_ske.json",
                    "fileKey": "dragon-ske_ktpxcowt"
                },
                "dragon-tex": {
                    "path": "files/ktpxcowt",
                    "name": "sun_tex.json",
                    "fileKey": "dragon-tex_ktpxcowt"
                },
                "dragon-img": {
                    "path": "files/ktpxcowt",
                    "name": "sun_tex.png",
                    "fileKey": "dragon-img_ktpxcowt"
                }
            }
        },
        {
            "id": "ktpxnde0",
            "typeExec": "dragonBones",
            "typeView": "slot-item",
            "name": "ttt4",
            "armatureName": "sun_arm",
            "animationsNames": [
                "sun_idle",
                null,
                null,
                null
            ],
            "files": {
                "dragon-ske": {
                    "path": "files/ktpxnde0",
                    "name": "sun_ske.json",
                    "fileKey": "dragon-ske_ktpxnde0"
                },
                "dragon-tex": {
                    "path": "files/ktpxnde0",
                    "name": "sun_tex.json",
                    "fileKey": "dragon-tex_ktpxnde0"
                },
                "dragon-img": {
                    "path": "files/ktpxnde0",
                    "name": "sun_tex.png",
                    "fileKey": "dragon-img_ktpxnde0"
                }
            }
        },
        {
            "id": "ktpyb7xr",
            "typeExec": "dragonBones",
            "typeView": "slot-item",
            "name": "test5",
            "armatureName": "sun_arm",
            "animationsNames": [
                "aaaaa",
                null,
                null,
                null
            ],
            "files": {
                "dragon-ske": {
                    "path": "files/ktpyb7xr",
                    "name": "sun_ske.json",
                    "fileKey": "dragon-ske_ktpyb7xr"
                },
                "dragon-tex": {
                    "path": "files/ktpyb7xr",
                    "name": "sun_tex.json",
                    "fileKey": "dragon-tex_ktpyb7xr"
                },
                "dragon-img": {
                    "path": "files/ktpyb7xr",
                    "name": "sun_tex.png",
                    "fileKey": "dragon-img_ktpyb7xr"
                }
            }
        },
        {
            "id": "ktpyspb2",
            "typeExec": "dragonBones",
            "typeView": "slot-item",
            "name": "aaaa",
            "armatureName": "sun_arm",
            "animationsNames": [
                "sun_idle",
                null,
                null,
                null
            ],
            "files": {
                "dragon-ske": {
                    "path": "files/ktpyspb2",
                    "name": "sun_ske.json",
                    "fileKey": "dragon-ske_ktpyspb2"
                },
                "dragon-tex": {
                    "path": "files/ktpyspb2",
                    "name": "sun_tex.json",
                    "fileKey": "dragon-tex_ktpyspb2"
                },
                "dragon-img": {
                    "path": "files/ktpyspb2",
                    "name": "sun_tex.png",
                    "fileKey": "dragon-img_ktpyspb2"
                }
            }
        },
        {
            "id": "ktpyuw3p",
            "typeExec": "dragonBones",
            "typeView": "slot-item",
            "name": "nnn------",
            "armatureName": "sun_arm",
            "animationsNames": [
                null,
                null,
                null,
                null
            ],
            "files": {
                "dragon-ske": {
                    "path": "files/ktpyuw3p",
                    "name": "sun_ske.json",
                    "fileKey": "dragon-ske_ktpyuw3p"
                },
                "dragon-tex": {
                    "path": "files/ktpyuw3p",
                    "name": "sun_tex.json",
                    "fileKey": "dragon-tex_ktpyuw3p"
                },
                "dragon-img": {
                    "path": "files/ktpyuw3p",
                    "name": "sun_tex.png",
                    "fileKey": "dragon-img_ktpyuw3p"
                }
            }
        },
        {
            "id": "ktpzc308",
            "typeExec": "dragonBones",
            "typeView": "slot-item",
            "name": "aaaa",
            "armatureName": "sun_arm",
            "animationsNames": [
                "n",
                null,
                null,
                null
            ],
            "files": {
                "dragon-ske": {
                    "path": "files/ktpzc308",
                    "name": "sun_ske.json",
                    "fileKey": "dragon-ske_ktpzc308"
                },
                "dragon-tex": {
                    "path": "files/ktpzc308",
                    "name": "sun_tex.json",
                    "fileKey": "dragon-tex_ktpzc308"
                },
                "dragon-img": {
                    "path": "files/ktpzc308",
                    "name": "sun_tex.png",
                    "fileKey": "dragon-img_ktpzc308"
                }
            }
        },
        {
            "id": "ktpzcysi",
            "typeExec": "dragonBones",
            "typeView": "slot-item",
            "name": "nnnn",
            "armatureName": "sun_arm",
            "animationsNames": [
                "sun_idle",
                null,
                null,
                null
            ],
            "files": {
                "dragon-ske": {
                    "path": "files/ktpzcysi",
                    "name": "sun_ske.json",
                    "fileKey": "dragon-ske_ktpzcysi"
                },
                "dragon-tex": {
                    "path": "files/ktpzcysi",
                    "name": "sun_tex.json",
                    "fileKey": "dragon-tex_ktpzcysi"
                },
                "dragon-img": {
                    "path": "files/ktpzcysi",
                    "name": "sun_tex.png",
                    "fileKey": "dragon-img_ktpzcysi"
                }
            }
        },
        {
            "id": "ktq0j6wz",
            "typeExec": "dragonBones",
            "typeView": "slot-item",
            "name": "cccc",
            "armatureName": "sun_arm",
            "animationsNames": [
                "sun_idle",
                null,
                null,
                null
            ],
            "files": {
                "dragon-ske": {
                    "path": "files/ktq0j6wz",
                    "name": "sun_ske.json",
                    "fileKey": "dragon-ske_ktq0j6wz"
                },
                "dragon-tex": {
                    "path": "files/ktq0j6wz",
                    "name": "sun_tex.json",
                    "fileKey": "dragon-tex_ktq0j6wz"
                },
                "dragon-img": {
                    "path": "files/ktq0j6wz",
                    "name": "sun_tex.png",
                    "fileKey": "dragon-img_ktq0j6wz"
                }
            }
        },
        {
            "id": "ktq10gm0",
            "typeExec": "dragonBones",
            "typeView": "slot-item",
            "name": "n",
            "armatureName": "sun_arm",
            "animationsNames": [
                "aaaaabbbbbffffnnnhh",
                "mmmm",
                "bbbbhjhjhjhxcxcxc",
                "l;l;llfgfgfgvvvvvvfgfg"
            ],
            "files": {
                "dragon-ske": {
                    "path": "files/ktq10gm0",
                    "name": "sun_ske.json",
                    "fileKey": "dragon-ske_ktq10gm0"
                },
                "dragon-tex": {
                    "path": "files/ktq10gm0",
                    "name": "sun_tex.json",
                    "fileKey": "dragon-tex_ktq10gm0"
                },
                "dragon-img": {
                    "path": "files/ktq10gm0",
                    "name": "sun_tex.png",
                    "fileKey": "dragon-img_ktq10gm0"
                }
            }
        },
        {
            "id": "ktq7sh2x",
            "typeExec": "dragonBones",
            "typeView": "slot-item",
            "name": "fgfgf",
            "armatureName": "",
            "animationsNames": [
                null,
                null,
                null,
                null
            ],
            "files": {}
        },
        {
            "id": "ktq7xemj",
            "typeExec": "dragonBones",
            "typeView": "slot-item",
            "name": "kkhjhjhjhjkkjkjk",
            "armatureName": "kkkkk",
            "animationsNames": [
                "vvgfgfgrttrtt",
                "erere",
                "fgfgfg",
                "fgfgfgytytytyttytyty"
            ],
            "files": {}
        },
        {
            "id": "ktq8nr8n",
            "typeExec": "dragonBones",
            "typeView": "slot-item",
            "name": "ddddd",
            "armatureName": "sun_arm",
            "animationsNames": [
                "sun_idle",
                null,
                null,
                null
            ],
            "files": {
                "dragon-ske": {
                    "path": "files/ktq8nr8n",
                    "name": "sun_ske.json",
                    "fileKey": "dragon-ske_ktq8nr8n"
                },
                "dragon-tex": {
                    "path": "files/ktq8nr8n",
                    "name": "sun_tex.json",
                    "fileKey": "dragon-tex_ktq8nr8n"
                },
                "dragon-img": {
                    "path": "files/ktq8nr8n",
                    "name": "sun_tex.png",
                    "fileKey": "dragon-img_ktq8nr8n"
                }
            }
        },
        {
            "id": "ktrp4aul",
            "typeExec": "dragonBones",
            "typeView": "slot-item",
            "name": "bbb",
            "armatureName": "sun_arm",
            "animationsNames": [
                null,
                null,
                null,
                null
            ],
            "files": {
                "dragon-ske": {
                    "path": "files/ktrp4aul",
                    "name": "sun_ske.json",
                    "fileKey": "dragon-ske_ktrp4aul"
                },
                "dragon-tex": {
                    "path": "files/ktrp4aul",
                    "name": "sun_tex.json",
                    "fileKey": "dragon-tex_ktrp4aul"
                },
                "dragon-img": {
                    "path": "files/ktrp4aul",
                    "name": "sun_tex.png",
                    "fileKey": "dragon-img_ktrp4aul"
                }
            }
        },
        {
            "id": "ktrp8bn2",
            "typeExec": "dragonBones",
            "typeView": "slot-item",
            "name": "n",
            "armatureName": "sun_arm",
            "animationsNames": [
                null,
                null,
                null,
                null
            ],
            "files": {
                "dragon-ske": {
                    "path": "files/ktrp8bn2",
                    "name": "sun_ske.json",
                    "fileKey": "dragon-ske_ktrp8bn2"
                },
                "dragon-tex": {
                    "path": "files/ktrp8bn2",
                    "name": "sun_tex.json",
                    "fileKey": "dragon-tex_ktrp8bn2"
                },
                "dragon-img": {
                    "path": "files/ktrp8bn2",
                    "name": "sun_tex.png",
                    "fileKey": "dragon-img_ktrp8bn2"
                }
            }
        }
    ]
}