{"width":2048,"imagePath":"wild_tex.png","height":1024,"name":"wild","SubTexture":[{"width":224,"y":762,"height":209,"name":"wild_animate/w_v_back","x":694},{"width":224,"y":762,"height":209,"name":"wild_animate/w_b_back","x":920},{"width":224,"y":762,"height":237,"name":"wild_animate/w_v_body","x":468},{"width":224,"y":762,"height":237,"name":"wild_animate/w_b_body","x":242},{"width":288,"y":1,"height":510,"name":"wild_animate/w_border_big","x":1},{"width":238,"y":513,"height":181,"name":"wild_animate/w_v_coat","x":492},{"width":238,"y":513,"height":181,"name":"wild_animate/w_b_coat","x":252},{"width":252,"y":140,"height":137,"name":"wild_animate/w_v_coat_small","x":680},{"width":252,"y":1,"height":137,"name":"wild_animate/w_b_coat_small","x":486},{"width":239,"y":762,"height":253,"name":"wild_animate/w_b_neck","x":1},{"width":206,"y":1,"height":125,"name":"wild_animate/w_v_neck","x":740},{"width":92,"y":449,"height":32,"name":"wild_animate/w_b_eyes","x":385},{"width":92,"y":449,"height":32,"name":"wild_animate/w_v_eyes","x":291},{"width":191,"y":225,"height":222,"name":"wild_animate/w_v_head","x":291},{"width":193,"y":1,"height":222,"name":"wild_animate/w_b_head","x":291},{"width":94,"y":279,"height":124,"name":"wild_animate/w_b_card","x":807},{"width":113,"y":433,"height":140,"name":"wild_animate/w_v_card","x":732},{"width":100,"y":279,"height":82,"name":"wild_animate/flamewhite","x":903},{"width":194,"y":225,"height":192,"name":"wild_animate/w_v_card_glow","x":484},{"width":125,"y":279,"height":152,"name":"wild_animate/w_v_card_flame","x":680},{"width":97,"y":575,"height":158,"name":"wild_animate/w_b_hand","x":906},{"width":97,"y":575,"height":158,"name":"wild_animate/w_v_hand","x":807},{"width":249,"y":513,"height":247,"name":"wild_animate/w_border_small","x":1},{"width":154,"y":419,"height":71,"name":"wild_animate/w_v_eyes_glow","x":484},{"width":164,"y":140,"height":83,"name":"wild_animate/cr_light","x":486},{"width":119,"y":405,"height":88,"name":"wild_animate/w_x2","x":847}]}